Propinsi,Kota/Kab.,Kecamatan,Kelurahan,Kode Pos
Kalimantan Tengah,Palangka Raya,Bukit Batu,Marang,73222
Kalimantan Tengah,Palangka Raya,Bukit Batu,Habaring Hurung,73221
Kalimantan Tengah,Palangka Raya,Sebangau,Kalampangan,73114
Kalimantan Tengah,Pulang Pisau,Sebangau Kuala,Sei/Sungai Bakau,74874
Kalimantan Tengah,Pulang Pisau,Sebangau Kuala,Sei/Sungai Hambawang,74874
Kalimantan Tengah,Pulang Pisau,Sebangau Kuala,Sebangau Permai,74874
Kalimantan Tengah,Pulang Pisau,Sebangau Kuala,Sei/Sungai Bakau,74874
Kalimantan Tengah,Pulang Pisau,Sebangau Kuala,Sei/Sungai Hambawang,74874
Kalimantan Tengah,Pulang Pisau,Sebangau Kuala,Sebangau Jaya,74874
Kalimantan Tengah,Pulang Pisau,Maliku,Gandang,74873
Kalimantan Tengah,Pulang Pisau,Maliku,Gandang Barat,74873
Kalimantan Tengah,Pulang Pisau,Maliku,Badirih,74873
Kalimantan Tengah,Pulang Pisau,Pandih Batu,Sanggang,74871
Kalimantan Tengah,Pulang Pisau,Pandih Batu,Pangkoh Sari,74871
Kalimantan Tengah,Pulang Pisau,Pandih Batu,Pangkoh Hulu,74871
Kalimantan Tengah,Pulang Pisau,Banama Tingang,Pahawan,74863
Kalimantan Tengah,Pulang Pisau,Banama Tingang,Kasali Baru,74863
Kalimantan Tengah,Pulang Pisau,Banama Tingang,Lawang Uru,74863
Kalimantan Tengah,Pulang Pisau,Kahayan Tengah,Balukun,74862
Kalimantan Tengah,Pulang Pisau,Kahayan Hilir,Mantaren II,74861
Kalimantan Tengah,Pulang Pisau,Kahayan Hilir,Buntoi,74861
Kalimantan Tengah,Lamandau,Delang,Sepoyu,74664
Kalimantan Tengah,Lamandau,Delang,Riam Penahan,74664
Kalimantan Tengah,Lamandau,Delang,Riam Tinggi,74664
Kalimantan Tengah,Lamandau,Belantikan Raya,Sumber Cahaya,74663
Kalimantan Tengah,Lamandau,Belantikan Raya,Tangga Batu,74663
Kalimantan Tengah,Lamandau,Lamandau,Suja,74663
Kalimantan Tengah,Lamandau,Bulik,Nanga Bulik,74611
Kalimantan Tengah,Lamandau,Bulik,Kujan,74612
Kalimantan Tengah,Kapuas,Mandau Talawang,Tumbang Tihis,74581
Kalimantan Tengah,Kapuas,Kapuas Hulu,Hurung Tampang,74581
Kalimantan Tengah,Kapuas,Kapuas Hulu,Bulau Ngandung,74581
Kalimantan Tengah,Kapuas,Kapuas Hulu,Dirung Koram,74581
Kalimantan Tengah,Gunung Mas,Manuhing Raya,Tumbang Oroi,74562
Kalimantan Tengah,Gunung Mas,Manuhing Raya,Tumbang Samui,74562
Kalimantan Tengah,Gunung Mas,Manuhing,Tumbang Jelemu,74562
Kalimantan Tengah,Gunung Mas,Rungan Hulu,Tumbang Lapan,74561
Kalimantan Tengah,Gunung Mas,Rungan,Tumbang Malahoi/Malahui,74561
Kalimantan Tengah,Gunung Mas,Rungan Barat,Tumbang Langgah,74561
Kalimantan Tengah,Gunung Mas,Rungan Hulu,Jangkit,74561
Kalimantan Tengah,Gunung Mas,Rungan Barat,Jalemu Masulan,74561
Kalimantan Tengah,Gunung Mas,Rungan Barat,Jalemu Raya,74561
Kalimantan Tengah,Gunung Mas,Miri Manasa,Tumbang Manyoi,74553
Kalimantan Tengah,Gunung Mas,Damang Batu,Tumbang Mahuroi,74553
Kalimantan Tengah,Gunung Mas,Miri Manasa,Tumbang Lapan,74553
Kalimantan Tengah,Gunung Mas,Tewah,Tumbang Pajangei,74552
Kalimantan Tengah,Gunung Mas,Tewah,Upun Batu,74552
Kalimantan Tengah,Gunung Mas,Tewah,Tewah,74552
Kalimantan Tengah,Gunung Mas,Kurun,Tumbang Manyangan,74511
Kalimantan Tengah,Gunung Mas,Kurun,Tumbang Anjir,74511
Kalimantan Tengah,Gunung Mas,Kurun,Tumbang Hakau,74511
Kalimantan Tengah,Katingan,Katingan Kuala,Sebangau Jaya,74463
Kalimantan Tengah,Katingan,Katingan Kuala,Pegatan/Pagatan Hilir,74463
Kalimantan Tengah,Katingan,Katingan Kuala,Pegatan/Pagatan Hulu,74463
Kalimantan Tengah,Katingan,Kamipang,Baun Bango,74462
Kalimantan Tengah,Katingan,Kamipang,Galinggang,74462
Kalimantan Tengah,Katingan,Tasik Payawan,Tumbang Panggo,74461
Kalimantan Tengah,Katingan,Bukit Raya,Tumbang Kaburai,74457
Kalimantan Tengah,Katingan,Bukit Raya,Tumbang Kajamei,74457
Kalimantan Tengah,Katingan,Bukit Raya,Tumbang Karuei,74457
Kalimantan Tengah,Katingan,Katingan Hulu,Kuluk Sepangi/Sapangi,74457
Kalimantan Tengah,Katingan,Bukit Raya,Penda Nange,74457
Kalimantan Tengah,Katingan,Katingan Hulu,Dehes Asem,74457
Kalimantan Tengah,Katingan,Marikit,Buntut Leleng,74456
Kalimantan Tengah,Katingan,Marikit,Kuluk Leleng,74456
Kalimantan Tengah,Katingan,Marikit,Batu Panahan,74456
Kalimantan Tengah,Katingan,Sanaman Mantikei (Senamang Mantikei),Daya Manunggal,74455
Kalimantan Tengah,Katingan,Sanaman Mantikei (Senamang Mantikei),Dehes,74455
Kalimantan Tengah,Katingan,Petak Malai,Batu Badak,74455
Kalimantan Tengah,Katingan,Pulau Malan,Tumbang Tungku,74453
Kalimantan Tengah,Katingan,Pulau Malan,Tura,74453
Kalimantan Tengah,Katingan,Pulau Malan,Tumbang Lawang,74453
Kalimantan Tengah,Katingan,Tewang Sanggalang Garing (Sangalang),Pendahara,74452
Kalimantan Tengah,Katingan,Tewang Sanggalang Garing (Sangalang),Sei/Sungai Keruh,74452
Kalimantan Tengah,Katingan,Tewang Sanggalang Garing (Sangalang),Bangkuang,74452
Kalimantan Tengah,Kotawaringin Timur,Mentaya Hilir Selatan,Jaya Kelapa,74363
Kalimantan Tengah,Kotawaringin Timur,Teluk Sampit,Kuin Permai,74363
Kalimantan Tengah,Kotawaringin Timur,Teluk Sampit,Lampuyang,74363
Kalimantan Tengah,Kotawaringin Timur,Mentaya Hilir Utara,Bagendang Tengah,74361
Kalimantan Tengah,Kotawaringin Timur,Mentaya Hilir Utara,Natai Baru,74361
Kalimantan Tengah,Kotawaringin Timur,Mentaya Hilir Utara,Bagendang Hulu,74361
Kalimantan Tengah,Kotawaringin Timur,Mentaya Hulu,Tanjung Batur,74356
Kalimantan Tengah,Kotawaringin Timur,Mentaya Hulu,Tangar,74356
Kalimantan Tengah,Kotawaringin Timur,Mentaya Hulu,Tangka Robah,74356
Kalimantan Tengah,Kotawaringin Timur,Tualan Hulu,Tanjung Jorong,74355
Kalimantan Tengah,Kotawaringin Timur,Parenggean,Sari Harapan,74355
Kalimantan Tengah,Kotawaringin Timur,Tualan Hulu,Sebungsu,74355
Kalimantan Tengah,Kotawaringin Timur,Cempaga Hulu,Tumbang Koling/Kuling,74354
Kalimantan Tengah,Kotawaringin Timur,Cempaga Hulu,Sudan,74354
Kalimantan Tengah,Kotawaringin Timur,Cempaga Hulu,Sungai Ubar Mandiri,74354
Kalimantan Tengah,Kotawaringin Timur,Telawang,Sumber Makmur,74353
Kalimantan Tengah,Kotawaringin Timur,Kota Besi,Simpur,74353
Kalimantan Tengah,Kotawaringin Timur,Kota Besi,Soren,74353
Kalimantan Tengah,Kotawaringin Timur,Telaga Antang,Tumbang Puan,74352
Kalimantan Tengah,Kotawaringin Timur,Antang Kalang,Tumbang Manya,74352
Kalimantan Tengah,Kotawaringin Timur,Antang Kalang,Tumbang Ngahan,74352
Kalimantan Tengah,Kotawaringin Timur,Antang Kalang,Kuluk Telawang,74352
Kalimantan Tengah,Kotawaringin Timur,Antang Kalang,Buntut Nusa,74352
Kalimantan Tengah,Kotawaringin Timur,Telaga Antang,Bukit Indah,74352
Kalimantan Tengah,Kotawaringin Timur,Baamang,Tinduk,74316
Kalimantan Tengah,Kotawaringin Timur,Seranau,Terantang,74314
Kalimantan Tengah,Kotawaringin Timur,Seranau,Batuah,74315
Kalimantan Tengah,Seruyan,Seruyan Hulu,Tumbang Laku,74291
Kalimantan Tengah,Seruyan,Suling Tambun,Tumbang Hentas,74291
Kalimantan Tengah,Seruyan,Seruyan Hulu,Tumbang Kalam,74291
Kalimantan Tengah,Seruyan,Seruyan Tengah,Tumbang Bai/Bei,74281
Kalimantan Tengah,Seruyan,Seruyan Tengah,Sukorejo (Suku Rejo),74281
Kalimantan Tengah,Seruyan,Seruyan Tengah,Tangga Batu,74281
Kalimantan Tengah,Seruyan,Seruyan Tengah,Bumi Jaya (Bumi Ayu),74281
Kalimantan Tengah,Seruyan,Batu Ampar,Derawa,74281
Kalimantan Tengah,Seruyan,Batu Ampar,Durian Kait,74281
Kalimantan Tengah,Seruyan,Danau Sembuluh,Ulak Batu,74261
Kalimantan Tengah,Seruyan,Seruyan Raya,Terawan,74261
Kalimantan Tengah,Seruyan,Seruyan Raya,Tabiku,74261
Kalimantan Tengah,Seruyan,Seruyan Hilir Timur,Kartika Bhakti/Bakti,74215
Kalimantan Tengah,Seruyan,Seruyan Hilir,Kuala Pembuang Dua (II),74215
Kalimantan Tengah,Seruyan,Seruyan Hilir Timur,Bangun Harja/Harjo,74215
Kalimantan Tengah,Kotawaringin Barat,Pangkalan Lada,Kadipi Atas,74184
Kalimantan Tengah,Kotawaringin Barat,Pangkalan Banteng,Sungai Kuning,74183
Kalimantan Tengah,Kotawaringin Barat,Pangkalan Banteng,Sungai Pakit,74183
Kalimantan Tengah,Kotawaringin Barat,Kumai,Sei/Sungai Tendang,74181
Kalimantan Tengah,Kotawaringin Barat,Kumai,Sei/Sungai Bedaun,74181
Kalimantan Tengah,Kotawaringin Barat,Kumai,Sei/Sungai Cabang,74181
Kalimantan Tengah,Sukamara,Permata Kecubung,Natai Kondang,74173
Kalimantan Tengah,Sukamara,Permata Kecubung,Laman Baru,74173
Kalimantan Tengah,Sukamara,Balai Riam,Lupu Peruca,74173
Kalimantan Tengah,Sukamara,Pantai Lunci,Sei/Sungai Pasir,74171
Kalimantan Tengah,Sukamara,Pantai Lunci,Sei/Sungai Cabang Barat,74171
Kalimantan Tengah,Sukamara,Pantai Lunci,Sei/Sungai Damar,74171
Kalimantan Tengah,Lamandau,Bulik Timur,Pedongatan,74162
Kalimantan Tengah,Lamandau,Bulik Timur,Nanga Palikodan,74162
Kalimantan Tengah,Lamandau,Menthobi Raya,Nanuah,74162
Kalimantan Tengah,Lamandau,Sematu Jaya,Bina Bhakti,74162
Kalimantan Tengah,Lamandau,Bulik Timur,Batu Tunggal,74162
Kalimantan Tengah,Lamandau,Bulik,Beruta,74162
Kalimantan Tengah,Kotawaringin Barat,Kotawaringin Lama,Ipuh Bangun Jaya,74161
Kalimantan Tengah,Kotawaringin Barat,Kotawaringin Lama,Kinjil,74161
Kalimantan Tengah,Kotawaringin Barat,Kotawaringin Lama,Babual Baboti,74161
Kalimantan Tengah,Kotawaringin Barat,Arut Selatan,Pasir Panjang,74117
Kalimantan Tengah,Kotawaringin Barat,Arut Selatan,Rangda,74117
Kalimantan Tengah,Kotawaringin Barat,Arut Selatan,Medangsari,74117
Kalimantan Tengah,Murung Raya,Laung Tuhup,Tumbang Bahan,73991
Kalimantan Tengah,Murung Raya,Laung Tuhup,Penda Siron,73991
Kalimantan Tengah,Murung Raya,Laung Tuhup,Tahujan Laung,73991
Kalimantan Tengah,Murung Raya,Barito Tuhup Raya,Cinta Budiman,73991
Kalimantan Tengah,Murung Raya,Laung Tuhup,Dirung Pinang,73991
Kalimantan Tengah,Murung Raya,Barito Tuhup Raya,Bumban Tuhup,73991
Kalimantan Tengah,Murung Raya,Seribu Riam,Tumbang Jojang,73981
Kalimantan Tengah,Murung Raya,Sumber Barito,Teluk/Telok Jolo,73981
Kalimantan Tengah,Murung Raya,Sumber Barito,Tumbang Kunyi,73981
Kalimantan Tengah,Murung Raya,Permata Intan,Sei/Sungai Gula,73971
Kalimantan Tengah,Murung Raya,Permata Intan,Sei/Sungai Batang,73971
Kalimantan Tengah,Murung Raya,Permata Intan,Purnama,73971
Kalimantan Tengah,Murung Raya,Tanah Siang,Osom Tompok,73961
Kalimantan Tengah,Murung Raya,Tanah Siang,Olung Siron,73961
Kalimantan Tengah,Murung Raya,Tanah Siang,Olung Soloi,73961
Kalimantan Tengah,Murung Raya,Tanah Siang Selatan,Datah Kotou,73961
Kalimantan Tengah,Murung Raya,Tanah Siang,Dirung Bakung,73961
Kalimantan Tengah,Murung Raya,Tanah Siang,Belawan,73961
Kalimantan Tengah,Barito Utara,Teweh Timur,Sei/Sungai Liju,73881
Kalimantan Tengah,Barito Utara,Teweh Baru,Panaen,73881
Kalimantan Tengah,Barito Utara,Teweh Timur,Sampirang I,73881
Kalimantan Tengah,Barito Utara,Gunung Purei,Lampeong II,73871
Kalimantan Tengah,Barito Utara,Gunung Purei,Lawarang,73871
Kalimantan Tengah,Barito Utara,Gunung Purei,Berong,73871
Kalimantan Tengah,Barito Utara,Gunung Timang,Baturaya I,73862
Kalimantan Tengah,Barito Utara,Montallat (Montalat),Tumpung Laung I,73861
Kalimantan Tengah,Barito Utara,Montallat (Montalat),Tumpung Laung II,73861
Kalimantan Tengah,Barito Utara,Lahei Barat,Luwe Hilir,73852
Kalimantan Tengah,Barito Utara,Lahei Barat,Luwe Hulu,73852
Kalimantan Tengah,Barito Utara,Lahei,Lahei I,73852
Kalimantan Tengah,Barito Utara,Teweh Tengah,Sei/Sungai Rahayu II,73814
Kalimantan Tengah,Barito Utara,Teweh Tengah,Rimba Sari,73814
Kalimantan Tengah,Barito Utara,Teweh Baru,Sabuh,73814
Kalimantan Tengah,Barito Utara,Teweh Tengah,Lanjas,73812
Kalimantan Tengah,Barito Utara,Teweh Tengah,Melayu,73811
Kalimantan Tengah,Barito Selatan,Jenamas,Tampulang,73763
Kalimantan Tengah,Barito Selatan,Karau Kuala,Tampijak,73761
Kalimantan Tengah,Barito Selatan,Karau Kuala,Malitin,73761
Kalimantan Tengah,Barito Selatan,Karau Kuala,Muara Arai,73761
Kalimantan Tengah,Barito Selatan,Gunung Bintang Awai,Muka Haji,73753
Kalimantan Tengah,Barito Selatan,Gunung Bintang Awai,Marga Jaya,73753
Kalimantan Tengah,Barito Selatan,Gunung Bintang Awai,Muara Singan,73753
Kalimantan Tengah,Barito Selatan,Dusun Utara,Majundre,73752
Kalimantan Tengah,Barito Selatan,Dusun Utara,Marawan Baru,73752
Kalimantan Tengah,Barito Selatan,Dusun Utara,Hingan,73752
Kalimantan Tengah,Barito Selatan,Dusun Selatan,Teluk Mampun,73713
Kalimantan Tengah,Barito Selatan,Dusun Selatan,Pamangka,73713
Kalimantan Tengah,Barito Selatan,Dusun Selatan,Mangaris,73713
Kalimantan Tengah,Barito Timur,Awang,Hayaping,73681
Kalimantan Tengah,Barito Timur,Awang,Janah Jari,73681
Kalimantan Tengah,Barito Timur,Awang,Bangkirayen,73681
Kalimantan Tengah,Barito Timur,Benua Lima,Gudang Seng,73661
Kalimantan Tengah,Barito Timur,Benua Lima,Kandris,73661
Kalimantan Tengah,Barito Timur,Benua Lima,Bamban,73661
Kalimantan Tengah,Barito Timur,Paku,Taringsing,73652
Kalimantan Tengah,Barito Timur,Raren Batuah,Tangkum,73652
Kalimantan Tengah,Barito Timur,Paku,Tampa,73652
Kalimantan Tengah,Barito Timur,Paku,Kupang Baru,73652
Kalimantan Tengah,Barito Timur,Karusen Janang,Lagan,73652
Kalimantan Tengah,Barito Timur,Raren Batuah,Lenggang,73652
Kalimantan Tengah,Barito Timur,Paju Epat,Tampulangit,73617
Kalimantan Tengah,Barito Timur,Paju Epat,Telang Baru,73617
Kalimantan Tengah,Barito Timur,Paju Epat,Siong,73617
Kalimantan Tengah,Kapuas,Dadahup,Tambak Bajai,73593
Kalimantan Tengah,Kapuas,Kapuas Murung,Tajepan,73593
Kalimantan Tengah,Kapuas,Kapuas Murung,Talekung Punai,73593
Kalimantan Tengah,Kapuas,Dadahup,Manuntung,73593
Kalimantan Tengah,Kapuas,Kapuas Murung,Mangala Permai,73593
Kalimantan Tengah,Kapuas,Kapuas Murung,Karya Bersama,73593
Kalimantan Tengah,Kapuas,Pulau Petak,Narahan,73592
Kalimantan Tengah,Kapuas,Pulau Petak,Narahan Baru,73592
Kalimantan Tengah,Kapuas,Pulau Petak,Handiwung,73592
Kalimantan Tengah,Kapuas,Kapuas Kuala,Sei/Sungai Teras,73583
Kalimantan Tengah,Kapuas,Kapuas Kuala,Palampai,73583
Kalimantan Tengah,Kapuas,Kapuas Kuala,Pematang,73583
Kalimantan Tengah,Kapuas,Basarang,Pangkalan Rekan,73564
Kalimantan Tengah,Kapuas,Basarang,Maluen,73564
Kalimantan Tengah,Kapuas,Basarang,Naning,73564
Kalimantan Tengah,Kapuas,Kapuas Tengah,Masaran,73555
Kalimantan Tengah,Kapuas,Kapuas Tengah,Kayu Bulan,73555
Kalimantan Tengah,Kapuas,Kapuas Tengah,Kota Baru,73555
Kalimantan Tengah,Kapuas,Timpah,Lawang Kajang,73554
Kalimantan Tengah,Kapuas,Timpah,Lawang Kamah,73554
Kalimantan Tengah,Kapuas,Timpah,Danau Pantau,73554
Kalimantan Tengah,Kapuas,Mantangai,Pulau Kaladan,73553
Kalimantan Tengah,Kapuas,Mantangai,Rantau jaya,73553
Kalimantan Tengah,Kapuas,Mantangai,Sari Makmur,73553
Kalimantan Tengah,Kapuas,Mantangai,Humbang Raya,73553
Kalimantan Tengah,Kapuas,Mantangai,Bukit Baru,73553
Kalimantan Tengah,Kapuas,Mantangai,Danau Tawah/Rawah,73553
Kalimantan Tengah,Kapuas,Kapuas Hilir,Hampatung,73522
Kalimantan Tengah,Kapuas,Kapuas Hilir,Dahirang,73523
Kalimantan Tengah,Kapuas,Kapuas Hilir,Mambulau,73521
Kalimantan Tengah,Palangka Raya,Sebangau,Kameloh Baru,73114
Kalimantan Tengah,Palangka Raya,Jekan Raya,Petuk Katimpun,73118
Kalimantan Tengah,Palangka Raya,Sebangau,Bereng Bengkel,73114
Kalimantan Tengah,Palangka Raya,Sebangau,Danau Tundai,73114
Kalimantan Tengah,Palangka Raya,Sebangau,Kereng Bangkirai,73113
Kalimantan Tengah,Palangka Raya,Sebangau,Sabaru,73113
Kalimantan Tengah,Palangka Raya,Jekan Raya,Palangka,73112
Kalimantan Tengah,Palangka Raya,Pahandut,Tumbang Rungan,73111
Kalimantan Tengah,Palangka Raya,Jekan Raya,Bukit Tunggal,73112
Kalimantan Tengah,Palangka Raya,Pahandut,Panarung,73111
Kalimantan Tengah,Palangka Raya,Pahandut,Tanjung Pinang,73111
Kalimantan Tengah,Palangka Raya,Pahandut,Pahandut,73111
Kalimantan Tengah,Palangka Raya,Pahandut,Pahandut Seberang,73111
Kalimantan Tengah,Palangka Raya,Jekan Raya,Menteng,73111
Kalimantan Tengah,Palangka Raya,Pahandut,Langkai,73111
Kalimantan Tengah,Pulang Pisau,Sebangau Kuala,Sebangau Jaya,74874
Kalimantan Tengah,Pulang Pisau,Sebangau Kuala,Sebangau Mulya,74874
Kalimantan Tengah,Pulang Pisau,Sebangau Kuala,Paduran Sabangau,74874
Kalimantan Tengah,Pulang Pisau,Sebangau Kuala,Panduran Mulya,74874
Kalimantan Tengah,Pulang Pisau,Sebangau Kuala,Mekar Jaya,74874
Kalimantan Tengah,Pulang Pisau,Maliku,Tahai Jaya,74873
Kalimantan Tengah,Pulang Pisau,Maliku,Wonoagung,74873
Kalimantan Tengah,Pulang Pisau,Maliku,Tahai Baru,74873
Kalimantan Tengah,Pulang Pisau,Maliku,Sei/Sungai Baru Tewu,74873
Kalimantan Tengah,Pulang Pisau,Maliku,Sidodadi,74873
Kalimantan Tengah,Pulang Pisau,Maliku,Maliku Mulya,74873
Kalimantan Tengah,Pulang Pisau,Maliku,Purwodadi,74873
Kalimantan Tengah,Pulang Pisau,Maliku,Kanamit Barat,74873
Kalimantan Tengah,Pulang Pisau,Maliku,Kanamit Jaya,74873
Kalimantan Tengah,Pulang Pisau,Maliku,Maliku Baru,74873
Kalimantan Tengah,Pulang Pisau,Maliku,Kanamit,74873
Kalimantan Tengah,Pulang Pisau,Maliku,Garantung,74873
Kalimantan Tengah,Pulang Pisau,Sebangau Kuala,Sebangau Mulya,74874
Kalimantan Tengah,Pulang Pisau,Sebangau Kuala,Sebangau Permai,74874
Kalimantan Tengah,Pulang Pisau,Sebangau Kuala,Paduran Sabangau,74874
Kalimantan Tengah,Pulang Pisau,Sebangau Kuala,Panduran Mulya,74874
Kalimantan Tengah,Pulang Pisau,Sebangau Kuala,Mekar Jaya,74874
Kalimantan Tengah,Pulang Pisau,Maliku,Tahai Jaya,74873
Kalimantan Tengah,Pulang Pisau,Maliku,Wonoagung,74873
Kalimantan Tengah,Pulang Pisau,Maliku,Tahai Baru,74873
Kalimantan Tengah,Pulang Pisau,Maliku,Sei/Sungai Baru Tewu,74873
Kalimantan Tengah,Pulang Pisau,Maliku,Sidodadi,74873
Kalimantan Tengah,Pulang Pisau,Maliku,Maliku Mulya,74873
Kalimantan Tengah,Pulang Pisau,Maliku,Purwodadi,74873
Kalimantan Tengah,Pulang Pisau,Maliku,Kanamit Barat,74873
Kalimantan Tengah,Pulang Pisau,Maliku,Kanamit Jaya,74873
Kalimantan Tengah,Pulang Pisau,Maliku,Maliku Baru,74873
Kalimantan Tengah,Pulang Pisau,Maliku,Kanamit,74873
Kalimantan Tengah,Pulang Pisau,Maliku,Garantung,74873
Kalimantan Tengah,Pulang Pisau,Kahayan Kuala,Sei/Sungai Rungun,74872
Kalimantan Tengah,Pulang Pisau,Kahayan Kuala,Tanjung Perawan,74872
Kalimantan Tengah,Pulang Pisau,Kahayan Kuala,Sei/Sungai Pudak (Papuyu III),74872
Kalimantan Tengah,Pulang Pisau,Kahayan Kuala,Sei/Sungai Pasanan (Papuyu I),74872
Kalimantan Tengah,Pulang Pisau,Kahayan Kuala,Kiapak,74872
Kalimantan Tengah,Pulang Pisau,Kahayan Kuala,Sei/Sungai Barunai (Papuyu II),74872
Kalimantan Tengah,Pulang Pisau,Kahayan Kuala,Bahaur Hulu Permai,74872
Kalimantan Tengah,Pulang Pisau,Kahayan Kuala,Bahaur Tengah,74872
Kalimantan Tengah,Pulang Pisau,Kahayan Kuala,Camatan (Cematan),74872
Kalimantan Tengah,Pulang Pisau,Kahayan Kuala,Bahaur Hulu,74872
Kalimantan Tengah,Pulang Pisau,Kahayan Kuala,Bahaur Hilir,74872
Kalimantan Tengah,Pulang Pisau,Kahayan Kuala,Bahaur Basantan,74872
Kalimantan Tengah,Pulang Pisau,Kahayan Kuala,Bahaur Batu Raya,74872
Kalimantan Tengah,Pulang Pisau,Pandih Batu,Talio Muara,74871
Kalimantan Tengah,Pulang Pisau,Pandih Batu,Talio Hulu,74871
Kalimantan Tengah,Pulang Pisau,Pandih Batu,Talio,74871
Kalimantan Tengah,Pulang Pisau,Pandih Batu,Pantik,74871
Kalimantan Tengah,Pulang Pisau,Pandih Batu,Mulyasari (Mulia Sari),74871
Kalimantan Tengah,Pulang Pisau,Pandih Batu,Pangkoh Hilir,74871
Kalimantan Tengah,Pulang Pisau,Pandih Batu,Karya Bersama,74871
Kalimantan Tengah,Pulang Pisau,Pandih Batu,Kantan Dalam,74871
Kalimantan Tengah,Pulang Pisau,Pandih Batu,Kantan Muara,74871
Kalimantan Tengah,Pulang Pisau,Pandih Batu,Kantan Atas,74871
Kalimantan Tengah,Pulang Pisau,Pandih Batu,Gadabung,74871
Kalimantan Tengah,Pulang Pisau,Pandih Batu,Dandang,74871
Kalimantan Tengah,Pulang Pisau,Pandih Batu,Belanti Siam,74871
Kalimantan Tengah,Pulang Pisau,Banama Tingang,Tumbang Tarusan,74863
Kalimantan Tengah,Pulang Pisau,Banama Tingang,Tangkahen,74863
Kalimantan Tengah,Pulang Pisau,Banama Tingang,Tambak,74863
Kalimantan Tengah,Pulang Pisau,Banama Tingang,Pangi,74863
Kalimantan Tengah,Pulang Pisau,Banama Tingang,Ramang,74863
Kalimantan Tengah,Pulang Pisau,Banama Tingang,Pandawei,74863
Kalimantan Tengah,Pulang Pisau,Banama Tingang,Manen Kaleka,74863
Kalimantan Tengah,Pulang Pisau,Banama Tingang,Manen Paduran,74863
Kalimantan Tengah,Pulang Pisau,Banama Tingang,Hanua,74863
Kalimantan Tengah,Pulang Pisau,Banama Tingang,Hurung,74863
Kalimantan Tengah,Pulang Pisau,Banama Tingang,Bawan,74863
Kalimantan Tengah,Pulang Pisau,Banama Tingang,Guha,74863
Kalimantan Tengah,Pulang Pisau,Kahayan Tengah,Tanjung Sangalang,74862
Kalimantan Tengah,Pulang Pisau,Kahayan Tengah,Tuwung,74862
Kalimantan Tengah,Pulang Pisau,Kahayan Tengah,Petuk Liti,74862
Kalimantan Tengah,Pulang Pisau,Kahayan Tengah,Sigi,74862
Kalimantan Tengah,Pulang Pisau,Kahayan Tengah,Tahawa,74862
Kalimantan Tengah,Pulang Pisau,Kahayan Tengah,Parahangan,74862
Kalimantan Tengah,Pulang Pisau,Kahayan Tengah,Penda Barania,74862
Kalimantan Tengah,Pulang Pisau,Kahayan Tengah,Bukit Rawi,74862
Kalimantan Tengah,Pulang Pisau,Kahayan Tengah,Pamarunan,74862
Kalimantan Tengah,Pulang Pisau,Kahayan Tengah,Bareng Rambang,74862
Kalimantan Tengah,Pulang Pisau,Kahayan Tengah,Bukit Bamba,74862
Kalimantan Tengah,Pulang Pisau,Kahayan Tengah,Bukit Liti,74862
Kalimantan Tengah,Pulang Pisau,Kahayan Tengah,Bahu Palawa,74862
Kalimantan Tengah,Pulang Pisau,Kahayan Hilir,Mantaren I,74861
Kalimantan Tengah,Pulang Pisau,Kahayan Hilir,Bereng,74831
Kalimantan Tengah,Pulang Pisau,Kahayan Hilir,Kahayan Hilir,74841
Kalimantan Tengah,Pulang Pisau,Jabiren Raya,Tumbang Nusa,74816
Kalimantan Tengah,Pulang Pisau,Kahayan Hilir,Hanjak Maju,74821
Kalimantan Tengah,Pulang Pisau,Jabiren Raya,Tanjung Taruna,74816
Kalimantan Tengah,Pulang Pisau,Jabiren Raya,Simpur,74816
Kalimantan Tengah,Pulang Pisau,Jabiren Raya,Pilang,74816
Kalimantan Tengah,Pulang Pisau,Jabiren Raya,Saka Kajang,74816
Kalimantan Tengah,Pulang Pisau,Kahayan Hilir,Mintin,74816
Kalimantan Tengah,Pulang Pisau,Jabiren Raya,Jabiren,74816
Kalimantan Tengah,Pulang Pisau,Jabiren Raya,Garung (Garong),74816
Kalimantan Tengah,Pulang Pisau,Jabiren Raya,Henda,74816
Kalimantan Tengah,Pulang Pisau,Kahayan Hilir,Kalawa,74812
Kalimantan Tengah,Pulang Pisau,Kahayan Hilir,Anjir Pulang Pisau,74813
Kalimantan Tengah,Pulang Pisau,Kahayan Hilir,Gohong,74812
Kalimantan Tengah,Lamandau,Delang,Sekombulan,74664
Kalimantan Tengah,Lamandau,Delang,Nyalang,74664
Kalimantan Tengah,Lamandau,Delang,Penyombaan,74664
Kalimantan Tengah,Lamandau,Batangkawa,Liku,74664
Kalimantan Tengah,Lamandau,Batangkawa,Mengkalang,74664
Kalimantan Tengah,Lamandau,Delang,Lopus,74664
Kalimantan Tengah,Lamandau,Delang,Kubung,74664
Kalimantan Tengah,Lamandau,Delang,Kudangan,74664
Kalimantan Tengah,Lamandau,Delang,Landau Kantu,74664
Kalimantan Tengah,Lamandau,Batangkawa,Kinipan,74664
Kalimantan Tengah,Lamandau,Batangkawa,Karang Mas,74664
Kalimantan Tengah,Lamandau,Batangkawa,Kina,74664
Kalimantan Tengah,Lamandau,Batangkawa,Ginih,74664
Kalimantan Tengah,Lamandau,Batangkawa,Jemuat,74664
Kalimantan Tengah,Lamandau,Batangkawa,Batu Tambun,74664
Kalimantan Tengah,Lamandau,Batangkawa,Benakitan,74664
Kalimantan Tengah,Lamandau,Lamandau,Tanjung Beringin,74663
Kalimantan Tengah,Lamandau,Lamandau,Tapin Bini,74663
Kalimantan Tengah,Lamandau,Lamandau,Sei/Sungai Tuat,74663
Kalimantan Tengah,Lamandau,Lamandau,Sekoban,74663
Kalimantan Tengah,Lamandau,Belantikan Raya,Petarikan,74663
Kalimantan Tengah,Lamandau,Belantikan Raya,Sei/Sungai Buluh,74663
Kalimantan Tengah,Lamandau,Belantikan Raya,Nanga Matu,74663
Kalimantan Tengah,Lamandau,Lamandau,Panopa,74663
Kalimantan Tengah,Lamandau,Belantikan Raya,Nanga Belantikan,74663
Kalimantan Tengah,Lamandau,Lamandau,Kawa,74663
Kalimantan Tengah,Lamandau,Lamandau,Karang Taba,74663
Kalimantan Tengah,Lamandau,Belantikan Raya,Kahingai,74663
Kalimantan Tengah,Lamandau,Belantikan Raya,Karang Besi,74663
Kalimantan Tengah,Lamandau,Lamandau,Cuhai,74663
Kalimantan Tengah,Lamandau,Belantikan Raya,Benuatan,74663
Kalimantan Tengah,Lamandau,Belantikan Raya,Bintang Mengalih,74663
Kalimantan Tengah,Lamandau,Belantikan Raya,Bayat,74663
Kalimantan Tengah,Lamandau,Belantikan Raya,Belibi (Balibi),74663
Kalimantan Tengah,Lamandau,Lamandau,Bakonsu,74663
Kalimantan Tengah,Kapuas,Kapuas Hulu,Tumbang Puroh/Puruh,74581
Kalimantan Tengah,Kapuas,Mandau Talawang,Tumbang Manyarung,74581
Kalimantan Tengah,Kapuas,Kapuas Hulu,Tumbang Sirat,74581
Kalimantan Tengah,Kapuas,Mandau Talawang,Tanjung Rendan,74581
Kalimantan Tengah,Kapuas,Mandau Talawang,Tumbang Bukoi/Bokoi,74581
Kalimantan Tengah,Kapuas,Mandau Talawang,Sei/Sungai Pinang,74581
Kalimantan Tengah,Kapuas,Kapuas Hulu,Supang,74581
Kalimantan Tengah,Kapuas,Kapuas Hulu,Tangirang,74581
Kalimantan Tengah,Kapuas,Kapuas Hulu,Rahung Bungai,74581
Kalimantan Tengah,Kapuas,Kapuas Hulu,Sei/Sungai Hanyo/Hanyu,74581
Kalimantan Tengah,Kapuas,Mandau Talawang,Masaha,74581
Kalimantan Tengah,Kapuas,Kapuas Hulu,Mampai Jaya,74581
Kalimantan Tengah,Kapuas,Mandau Talawang,Lawang Tamang,74581
Kalimantan Tengah,Kapuas,Mandau Talawang,Karetau Mantaa,74581
Kalimantan Tengah,Kapuas,Kapuas Hulu,Katanjung,74581
Kalimantan Tengah,Kapuas,Kapuas Hulu,Hurung Tabengan,74581
Kalimantan Tengah,Kapuas,Kapuas Hulu,Hurung Tampang,74581
Kalimantan Tengah,Gunung Mas,Mihing Raya,Tuyun,74571
Kalimantan Tengah,Kapuas,Kapuas Hulu,Baronang II,74581
Kalimantan Tengah,Gunung Mas,Mihing Raya,Tumbang Danau,74571
Kalimantan Tengah,Gunung Mas,Mihing Raya,Tumbang Empas,74571
Kalimantan Tengah,Gunung Mas,Sepang (Sepang Simin),Tanjung Karitak,74571
Kalimantan Tengah,Gunung Mas,Sepang (Sepang Simin),Tewai Baru,74571
Kalimantan Tengah,Gunung Mas,Sepang (Sepang Simin),Sepang Simin,74571
Kalimantan Tengah,Gunung Mas,Sepang (Sepang Simin),Tampelas,74571
Kalimantan Tengah,Gunung Mas,Mihing Raya,Rangan Tate,74571
Kalimantan Tengah,Gunung Mas,Sepang (Sepang Simin),Sepang Kota,74571
Kalimantan Tengah,Gunung Mas,Sepang (Sepang Simin),Luwuk Andan,74571
Kalimantan Tengah,Gunung Mas,Sepang (Sepang Simin),Pematang Limau,74571
Kalimantan Tengah,Gunung Mas,Mihing Raya,Kampuri,74571
Kalimantan Tengah,Gunung Mas,Manuhing,Tumbang Talaken,74562
Kalimantan Tengah,Gunung Mas,Mihing Raya,Dahian Tambuk,74571
Kalimantan Tengah,Gunung Mas,Manuhing,Tumbang Sepang,74562
Kalimantan Tengah,Gunung Mas,Manuhing Raya,Tumbang Mantuhe,74562
Kalimantan Tengah,Gunung Mas,Manuhing Raya,Tehang,74562
Kalimantan Tengah,Gunung Mas,Manuhing,Takaras,74562
Kalimantan Tengah,Gunung Mas,Manuhing,Tangki Dahuyan,74562
Kalimantan Tengah,Gunung Mas,Manuhing,Taringen,74562
Kalimantan Tengah,Gunung Mas,Rungan Barat,Mangkawuk,74562
Kalimantan Tengah,Gunung Mas,Manuhing Raya,Luwuk Tukau,74562
Kalimantan Tengah,Gunung Mas,Manuhing Raya,Putat Durei,74562
Kalimantan Tengah,Gunung Mas,Manuhing,Fajar Harapan,74562
Kalimantan Tengah,Gunung Mas,Manuhing,Gohong,74562
Kalimantan Tengah,Gunung Mas,Manuhing,Bereng Belawan,74562
Kalimantan Tengah,Gunung Mas,Manuhing,Bereng Jun,74562
Kalimantan Tengah,Gunung Mas,Manuhing,Bangun Sari,74562
Kalimantan Tengah,Gunung Mas,Manuhing,Belawan Mulya,74562
Kalimantan Tengah,Gunung Mas,Rungan Barat,Tusang Raya,74561
Kalimantan Tengah,Gunung Mas,Rungan Hulu,Tumbang Mujai,74561
Kalimantan Tengah,Gunung Mas,Rungan Hulu,Tumbang Rahuyan,74561
Kalimantan Tengah,Gunung Mas,Rungan Hulu,Tumbang Tue / Tuwe,74561
Kalimantan Tengah,Gunung Mas,Rungan,Tumbang Jelemu Kajuei,74561
Kalimantan Tengah,Gunung Mas,Rungan Barat,Tumbang Kuayan,74561
Kalimantan Tengah,Gunung Mas,Rungan,Tumbang Jatuh/Jutuh,74561
Kalimantan Tengah,Gunung Mas,Rungan Barat,Tumbang Jalemu Kajuei,74561
Kalimantan Tengah,Gunung Mas,Rungan,Tumbang Barengei/Baringei,74561
Kalimantan Tengah,Gunung Mas,Rungan,Tumbang Bunut,74561
Kalimantan Tengah,Gunung Mas,Rungan Barat,Tumbang Bahanei,74561
Kalimantan Tengah,Gunung Mas,Rungan,Talangkas (Talangkah),74561
Kalimantan Tengah,Gunung Mas,Rungan Barat,Tajah Antang Raya,74561
Kalimantan Tengah,Gunung Mas,Rungan Hulu,Sanggal,74561
Kalimantan Tengah,Gunung Mas,Rungan Hulu,Sei/Sungai Antai,74561
Kalimantan Tengah,Gunung Mas,Rungan Barat,Rabambang,74561
Kalimantan Tengah,Gunung Mas,Rungan,Parempei,74561
Kalimantan Tengah,Gunung Mas,Rungan,Luwuk Kantor,74561
Kalimantan Tengah,Gunung Mas,Rungan,Luwuk Langkuas,74561
Kalimantan Tengah,Gunung Mas,Rungan,Linau,74561
Kalimantan Tengah,Gunung Mas,Rungan,Karya Bakti,74561
Kalimantan Tengah,Gunung Mas,Rungan,Jakatan Raya,74561
Kalimantan Tengah,Gunung Mas,Rungan Barat,Hujung Pata,74561
Kalimantan Tengah,Gunung Mas,Rungan Hulu,Hantapang,74561
Kalimantan Tengah,Gunung Mas,Rungan,Bereng Baru,74561
Kalimantan Tengah,Gunung Mas,Rungan,Bereng Malaka,74561
Kalimantan Tengah,Gunung Mas,Rungan Hulu,Batu Puter,74561
Kalimantan Tengah,Gunung Mas,Kahayan Hulu Utara,Tumbang Tajungan,74553
Kalimantan Tengah,Gunung Mas,Miri Manasa,Tumbang Siruk,74553
Kalimantan Tengah,Gunung Mas,Kahayan Hulu Utara,Tumbang Sian,74553
Kalimantan Tengah,Gunung Mas,Damang Batu,Tumbang Posu,74553
Kalimantan Tengah,Gunung Mas,Kahayan Hulu Utara,Tumbang Pasangon,74553
Kalimantan Tengah,Gunung Mas,Kahayan Hulu Utara,Tumbang Ponyoi,74553
Kalimantan Tengah,Gunung Mas,Miri Manasa,Tumbang Napoi,74553
Kalimantan Tengah,Gunung Mas,Kahayan Hulu Utara,Tumbang Miri,74553
Kalimantan Tengah,Gunung Mas,Miri Manasa,Tumbang Masukih,74553
Kalimantan Tengah,Gunung Mas,Damang Batu,Tumbang Marikoi,74553
Kalimantan Tengah,Gunung Mas,Miri Manasa,Tumbang Manyoi,74553
Kalimantan Tengah,Gunung Mas,Miri Manasa,Tumbang Koroi,74553
Kalimantan Tengah,Gunung Mas,Miri Manasa,Tumbang Hantung,74553
Kalimantan Tengah,Gunung Mas,Kahayan Hulu Utara,Tumbang Korik/Kurik,74553
Kalimantan Tengah,Gunung Mas,Damang Batu,Tumbang Anoi,74553
Kalimantan Tengah,Gunung Mas,Kahayan Hulu Utara,Tumbang Hamputung,74553
Kalimantan Tengah,Gunung Mas,Miri Manasa,Rangan Hiran,74553
Kalimantan Tengah,Gunung Mas,Kahayan Hulu Utara,Takaoi,74553
Kalimantan Tengah,Gunung Mas,Kahayan Hulu Utara,Teluk Kanduri,74553
Kalimantan Tengah,Gunung Mas,Miri Manasa,Mangkuhung,74553
Kalimantan Tengah,Gunung Mas,Kahayan Hulu Utara,Penda Rangas,74553
Kalimantan Tengah,Gunung Mas,Damang Batu,Karetau Rambangun,74553
Kalimantan Tengah,Gunung Mas,Damang Batu,Karetau Sarian,74553
Kalimantan Tengah,Gunung Mas,Damang Batu,Lawang Kanji,74553
Kalimantan Tengah,Gunung Mas,Miri Manasa,Harowu,74553
Kalimantan Tengah,Gunung Mas,Miri Manasa,Buntui (Buntoi),74553
Kalimantan Tengah,Gunung Mas,Kahayan Hulu Utara,Dandang,74553
Kalimantan Tengah,Gunung Mas,Kahayan Hulu Utara,Batu Tangkui,74553
Kalimantan Tengah,Gunung Mas,Tewah,Tumbang Habaon,74552
Kalimantan Tengah,Gunung Mas,Tewah,Tanjung Untung,74552
Kalimantan Tengah,Gunung Mas,Tewah,Teluk Lawah,74552
Kalimantan Tengah,Gunung Mas,Tewah,Sumur Mas,74552
Kalimantan Tengah,Gunung Mas,Tewah,Tajau Urap,74552
Kalimantan Tengah,Gunung Mas,Tewah,Sarerangan,74552
Kalimantan Tengah,Gunung Mas,Tewah,Sei/Sungai Riang,74552
Kalimantan Tengah,Gunung Mas,Tewah,Kasintu,74552
Kalimantan Tengah,Gunung Mas,Tewah,Rangan Mihing,74552
Kalimantan Tengah,Gunung Mas,Tewah,Sandung Tambun,74552
Kalimantan Tengah,Gunung Mas,Tewah,Batu Nyiwuh,74552
Kalimantan Tengah,Gunung Mas,Tewah,Karason Raya,74552
Kalimantan Tengah,Gunung Mas,Kurun,Tumbang Tariak,74511
Kalimantan Tengah,Gunung Mas,Tewah,Batu Nyapau,74552
Kalimantan Tengah,Gunung Mas,Kurun,Tumbang Miwan,74511
Kalimantan Tengah,Gunung Mas,Kurun,Tumbang Tambirah,74511
Kalimantan Tengah,Gunung Mas,Kurun,Tumbang Lampaung/Lampahung,74511
Kalimantan Tengah,Gunung Mas,Kurun,Teluk Nyatu,74511
Kalimantan Tengah,Gunung Mas,Kurun,Tewang Pajangan,74511
Kalimantan Tengah,Gunung Mas,Kurun,Tanjung Riu,74511
Kalimantan Tengah,Gunung Mas,Kurun,Pilang Munduk,74511
Kalimantan Tengah,Gunung Mas,Kurun,Penda Pilang,74511
Kalimantan Tengah,Gunung Mas,Kurun,Petak Bahandang,74511
Kalimantan Tengah,Gunung Mas,Kurun,Hurung Bunut,74511
Kalimantan Tengah,Gunung Mas,Kurun,Kurun (Kuala Kurun),74511
Kalimantan Tengah,Katingan,Mendawai,Tumbang Bulan,74463
Kalimantan Tengah,Katingan,Mendawai,Teluk Sebulu,74463
Kalimantan Tengah,Katingan,Mendawai,Tewang/Tawang Kampung,74463
Kalimantan Tengah,Katingan,Katingan Kuala,Singam Raya,74463
Kalimantan Tengah,Katingan,Katingan Kuala,Subur Indah,74463
Kalimantan Tengah,Katingan,Katingan Kuala,Sungai Kaki,74463
Kalimantan Tengah,Katingan,Katingan Kuala,Selat Baning,74463
Kalimantan Tengah,Katingan,Katingan Kuala,Setia Mulia,74463
Kalimantan Tengah,Katingan,Mendawai,Perigi (Parigi),74463
Kalimantan Tengah,Katingan,Mendawai,Mekar Tani,74463
Kalimantan Tengah,Katingan,Mendawai,Mendawai,74463
Kalimantan Tengah,Katingan,Katingan Kuala,Kampung Tengah,74463
Kalimantan Tengah,Katingan,Katingan Kuala,Makmur Utama,74463
Kalimantan Tengah,Katingan,Katingan Kuala,Mangun Jaya,74463
Kalimantan Tengah,Katingan,Mendawai,Kampung Melayu,74463
Kalimantan Tengah,Katingan,Katingan Kuala,Jaya Makmur,74463
Kalimantan Tengah,Katingan,Katingan Kuala,Kampung Baru,74463
Kalimantan Tengah,Katingan,Katingan Kuala,Kampung Melayu,74463
Kalimantan Tengah,Katingan,Katingan Kuala,Bakung Raya,74463
Kalimantan Tengah,Katingan,Katingan Kuala,Bumi Subur,74463
Kalimantan Tengah,Katingan,Kamipang,Tumbang Runen,74462
Kalimantan Tengah,Katingan,Kamipang,Tampelas,74462
Kalimantan Tengah,Katingan,Kamipang,Telaga,74462
Kalimantan Tengah,Katingan,Kamipang,Jahanjang,74462
Kalimantan Tengah,Katingan,Kamipang,Karuing,74462
Kalimantan Tengah,Katingan,Kamipang,Parupuk,74462
Kalimantan Tengah,Katingan,Kamipang,Asem Kumbang,74462
Kalimantan Tengah,Katingan,Tasik Payawan,Talingke,74461
Kalimantan Tengah,Katingan,Tasik Payawan,Tewang Tampang,74461
Kalimantan Tengah,Katingan,Tasik Payawan,Luwuk Kiri,74461
Kalimantan Tengah,Katingan,Tasik Payawan,Petak Bahandang,74461
Kalimantan Tengah,Katingan,Tasik Payawan,Hiang/Hiyang Bana,74461
Kalimantan Tengah,Katingan,Tasik Payawan,Luwuk Kanan,74461
Kalimantan Tengah,Katingan,Tasik Payawan,Handiwung,74461
Kalimantan Tengah,Katingan,Katingan Hulu,Tumbang Sabetung,74457
Kalimantan Tengah,Katingan,Katingan Hulu,Tumbang Salaman,74457
Kalimantan Tengah,Katingan,Katingan Hulu,Tumbang Senamang I,74457
Kalimantan Tengah,Katingan,Katingan Hulu,Tumbang Manangei,74457
Kalimantan Tengah,Katingan,Katingan Hulu,Tumbang Mangketai,74457
Kalimantan Tengah,Katingan,Katingan Hulu,Tumbang Labaning,74457
Kalimantan Tengah,Katingan,Katingan Hulu,Tumbang Mahop/Mahup,74457
Kalimantan Tengah,Katingan,Katingan Hulu,Tumbang Kuai,74457
Kalimantan Tengah,Katingan,Bukit Raya,Tumbang Kataei,74457
Kalimantan Tengah,Katingan,Katingan Hulu,Tumbang Jiga,74457
Kalimantan Tengah,Katingan,Katingan Hulu,Tumbang Kabayan/Kabayang,74457
Kalimantan Tengah,Katingan,Katingan Hulu,Tumbang Hangei II,74457
Kalimantan Tengah,Katingan,Bukit Raya,Tumbang Gaei,74457
Kalimantan Tengah,Katingan,Katingan Hulu,Telok Tampang,74457
Kalimantan Tengah,Katingan,Bukit Raya,Tumbang Dahuei,74457
Kalimantan Tengah,Katingan,Katingan Hulu,Sei/Sungai Nanjan,74457
Kalimantan Tengah,Katingan,Bukit Raya,Rongan Rondan,74457
Kalimantan Tengah,Katingan,Bukit Raya,Tanjung Batik,74457
Kalimantan Tengah,Katingan,Katingan Hulu,Rantau Puka,74457
Kalimantan Tengah,Katingan,Bukit Raya,Rantau Pandan,74457
Kalimantan Tengah,Katingan,Katingan Hulu,Rantau Bahai,74457
Kalimantan Tengah,Katingan,Katingan Hulu,Rangan Kawit,74457
Kalimantan Tengah,Katingan,Katingan Hulu,Rangan Ranjing,74457
Kalimantan Tengah,Katingan,Katingan Hulu,Penda Tangaring Baru,74457
Kalimantan Tengah,Katingan,Katingan Hulu,Penda Tangaring Lama,74457
Kalimantan Tengah,Katingan,Bukit Raya,Rangan Bahekang,74457
Kalimantan Tengah,Katingan,Katingan Hulu,Kiham Batang,74457
Kalimantan Tengah,Katingan,Marikit,Tumbang Tundu,74456
Kalimantan Tengah,Katingan,Katingan Hulu,Batu Bango,74457
Kalimantan Tengah,Katingan,Marikit,Tumbang Tabulus,74456
Kalimantan Tengah,Katingan,Marikit,Tumbang Taei,74456
Kalimantan Tengah,Katingan,Marikit,Tumbang Paku,74456
Kalimantan Tengah,Katingan,Marikit,Tumbang Susan – Malaman,74456
Kalimantan Tengah,Katingan,Marikit,Tumbang Mandurei,74456
Kalimantan Tengah,Katingan,Marikit,Tumbang Pahanei,74456
Kalimantan Tengah,Katingan,Marikit,Tumbang Dakei,74456
Kalimantan Tengah,Katingan,Marikit,Tumbang Hiran,74456
Kalimantan Tengah,Katingan,Marikit,Tumbang Lambi,74456
Kalimantan Tengah,Katingan,Marikit,Tumbang Bemban,74456
Kalimantan Tengah,Katingan,Marikit,Rangan Tangko,74456
Kalimantan Tengah,Katingan,Marikit,Sebaung,74456
Kalimantan Tengah,Katingan,Marikit,Rangan Burih,74456
Kalimantan Tengah,Katingan,Marikit,Rangan Surei,74456
Kalimantan Tengah,Katingan,Sanaman Mantikei (Senamang Mantikei),Tumbang Pangka,74455
Kalimantan Tengah,Katingan,Sanaman Mantikei (Senamang Mantikei),Tumbang Taranei/Karanei,74455
Kalimantan Tengah,Katingan,Petak Malai,Tumbang Tanggoi,74455
Kalimantan Tengah,Katingan,Sanaman Mantikei (Senamang Mantikei),Tumbang Labehu,74455
Kalimantan Tengah,Katingan,Sanaman Mantikei (Senamang Mantikei),Tumbang Mangara/Manggara,74455
Kalimantan Tengah,Katingan,Sanaman Mantikei (Senamang Mantikei),Tumbang Manggo,74455
Kalimantan Tengah,Katingan,Sanaman Mantikei (Senamang Mantikei),Tumbang Kanei/Kamei,74455
Kalimantan Tengah,Katingan,Sanaman Mantikei (Senamang Mantikei),Tumbang Kawei,74455
Kalimantan Tengah,Katingan,Petak Malai,Tumbang Jala,74455
Kalimantan Tengah,Katingan,Sanaman Mantikei (Senamang Mantikei),Tumbang Kaman,74455
Kalimantan Tengah,Katingan,Petak Malai,Tumbang Baraoi,74455
Kalimantan Tengah,Katingan,Petak Malai,Tumbang Habangoi/Habangei,74455
Kalimantan Tengah,Katingan,Sanaman Mantikei (Senamang Mantikei),Rantau Bangkiang,74455
Kalimantan Tengah,Katingan,Sanaman Mantikei (Senamang Mantikei),Tumbang Atei,74455
Kalimantan Tengah,Katingan,Petak Malai,Nusa Kutau,74455
Kalimantan Tengah,Katingan,Sanaman Mantikei (Senamang Mantikei),Kamanto,74455
Kalimantan Tengah,Katingan,Sanaman Mantikei (Senamang Mantikei),Kuluk Habuhus,74455
Kalimantan Tengah,Katingan,Petak Malai,Batu Tukan,74455
Kalimantan Tengah,Katingan,Katingan Tengah,Tumbang Marak,74454
Kalimantan Tengah,Katingan,Katingan Tengah,Tumbang Pariyei,74454
Kalimantan Tengah,Katingan,Katingan Tengah,Tumbang Kalamei,74454
Kalimantan Tengah,Katingan,Katingan Tengah,Tumbang Lahang,74454
Kalimantan Tengah,Katingan,Katingan Tengah,Tewang Panjang,74454
Kalimantan Tengah,Katingan,Katingan Tengah,Tumbang Hangei,74454
Kalimantan Tengah,Katingan,Katingan Tengah,Samba Katung,74454
Kalimantan Tengah,Katingan,Katingan Tengah,Telok,74454
Kalimantan Tengah,Katingan,Katingan Tengah,Samba Kahayan,74454
Kalimantan Tengah,Katingan,Katingan Tengah,Samba Danum,74454
Kalimantan Tengah,Katingan,Katingan Tengah,Petak Puti,74454
Kalimantan Tengah,Katingan,Katingan Tengah,Rantau Asem,74454
Kalimantan Tengah,Katingan,Katingan Tengah,Samba Bakumpai,74454
Kalimantan Tengah,Katingan,Katingan Tengah,Napu Sahur,74454
Kalimantan Tengah,Katingan,Katingan Tengah,Mirah Kalanaman,74454
Kalimantan Tengah,Katingan,Katingan Tengah,Batu Badinding,74454
Kalimantan Tengah,Katingan,Pulau Malan,Tumbang Tanjung,74453
Kalimantan Tengah,Katingan,Pulau Malan,Tewang Papari,74453
Kalimantan Tengah,Katingan,Pulau Malan,Tumbang Banjang,74453
Kalimantan Tengah,Katingan,Pulau Malan,Tewang Derayu,74453
Kalimantan Tengah,Katingan,Pulau Malan,Tewang Karangan,74453
Kalimantan Tengah,Katingan,Pulau Malan,Kuluk Bali,74453
Kalimantan Tengah,Katingan,Pulau Malan,Manduing Lama,74453
Kalimantan Tengah,Katingan,Pulau Malan,Manduing Taheta,74453
Kalimantan Tengah,Katingan,Pulau Malan,Dahian Tunggal,74453
Kalimantan Tengah,Katingan,Pulau Malan,Geragu,74453
Kalimantan Tengah,Katingan,Pulau Malan,Buntut Bali,74453
Kalimantan Tengah,Katingan,Tewang Sanggalang Garing (Sangalang),Tewang Rangkang,74452
Kalimantan Tengah,Katingan,Tewang Sanggalang Garing (Sangalang),Tumbang Terusan,74452
Kalimantan Tengah,Katingan,Tewang Sanggalang Garing (Sangalang),Tewang Rangas,74452
Kalimantan Tengah,Katingan,Tewang Sanggalang Garing (Sangalang),Tarusan Danum,74452
Kalimantan Tengah,Katingan,Tewang Sanggalang Garing (Sangalang),Tewang Beringin,74452
Kalimantan Tengah,Katingan,Tewang Sanggalang Garing (Sangalang),Tewang Manyangen,74452
Kalimantan Tengah,Katingan,Tewang Sanggalang Garing (Sangalang),Hapalam,74452
Kalimantan Tengah,Katingan,Katingan Hilir,Tumbang Liting,74413
Kalimantan Tengah,Katingan,Katingan Hilir,Tewang Kadamba,74413
Kalimantan Tengah,Katingan,Katingan Hilir,Talangkah (Telangkah),74413
Kalimantan Tengah,Katingan,Katingan Hilir,Talian Kereng,74413
Kalimantan Tengah,Katingan,Katingan Hilir,Kasongan Baru,74413
Kalimantan Tengah,Katingan,Katingan Hilir,Kasongan Lama,74413
Kalimantan Tengah,Katingan,Katingan Hilir,Banut Kalanaman,74413
Kalimantan Tengah,Katingan,Katingan Hilir,Hampalit,74413
Kalimantan Tengah,Kotawaringin Timur,Teluk Sampit,Ujung Pandaran,74363
Kalimantan Tengah,Kotawaringin Timur,Mentaya Hilir Selatan,Samuda Kota,74363
Kalimantan Tengah,Kotawaringin Timur,Mentaya Hilir Selatan,Sei/Sungai Ijum Raya,74363
Kalimantan Tengah,Kotawaringin Timur,Mentaya Hilir Selatan,Sabamban,74363
Kalimantan Tengah,Kotawaringin Timur,Mentaya Hilir Selatan,Samuda Besar,74363
Kalimantan Tengah,Kotawaringin Timur,Mentaya Hilir Selatan,Samuda Kecil,74363
Kalimantan Tengah,Kotawaringin Timur,Teluk Sampit,Parebok,74363
Kalimantan Tengah,Kotawaringin Timur,Teluk Sampit,Regei Lestari,74363
Kalimantan Tengah,Kotawaringin Timur,Mentaya Hilir Selatan,Basirih Hulu,74363
Kalimantan Tengah,Kotawaringin Timur,Mentaya Hilir Selatan,Handil Sohor,74363
Kalimantan Tengah,Kotawaringin Timur,Mentaya Hilir Selatan,Jaya Karet,74363
Kalimantan Tengah,Kotawaringin Timur,Mentaya Hilir Selatan,Basirih Hilir,74363
Kalimantan Tengah,Kotawaringin Timur,Pulau Hanaut,Serambut,74362
Kalimantan Tengah,Kotawaringin Timur,Teluk Sampit,Basawang,74363
Kalimantan Tengah,Kotawaringin Timur,Pulau Hanaut,Rawa Sari,74362
Kalimantan Tengah,Kotawaringin Timur,Pulau Hanaut,Satiruk,74362
Kalimantan Tengah,Kotawaringin Timur,Pulau Hanaut,Bapinang Hulu,74362
Kalimantan Tengah,Kotawaringin Timur,Pulau Hanaut,Hanaut,74362
Kalimantan Tengah,Kotawaringin Timur,Pulau Hanaut,Makarti Jaya,74362
Kalimantan Tengah,Kotawaringin Timur,Pulau Hanaut,Bapinang Hilir,74362
Kalimantan Tengah,Kotawaringin Timur,Pulau Hanaut,Bapinang Hilir Laut,74362
Kalimantan Tengah,Kotawaringin Timur,Pulau Hanaut,Babriah,74362
Kalimantan Tengah,Kotawaringin Timur,Pulau Hanaut,Babaung,74362
Kalimantan Tengah,Kotawaringin Timur,Mentaya Hilir Utara,Pondok Damar,74361
Kalimantan Tengah,Kotawaringin Timur,Mentaya Hilir Utara,Sumber Makmur,74361
Kalimantan Tengah,Kotawaringin Timur,Mentaya Hilir Utara,Bagendang Permai,74361
Kalimantan Tengah,Kotawaringin Timur,Bukit Santuei,Tumbang Torung/Turung,74356
Kalimantan Tengah,Kotawaringin Timur,Mentaya Hilir Utara,Bagendang Hilir,74361
Kalimantan Tengah,Kotawaringin Timur,Bukit Santuei,Tumbang Tawan,74356
Kalimantan Tengah,Kotawaringin Timur,Bukit Santuei,Tumbang Tilap,74356
Kalimantan Tengah,Kotawaringin Timur,Bukit Santuei,Tumbang Sapia,74356
Kalimantan Tengah,Kotawaringin Timur,Mentaya Hulu,Tumbang Sapiri,74356
Kalimantan Tengah,Kotawaringin Timur,Bukit Santuei,Tumbang Penyahuan,74356
Kalimantan Tengah,Kotawaringin Timur,Bukit Santuei,Tumbang Saluang,74356
Kalimantan Tengah,Kotawaringin Timur,Bukit Santuei,Tumbang Kania,74356
Kalimantan Tengah,Kotawaringin Timur,Bukit Santuei,Tumbang Payang,74356
Kalimantan Tengah,Kotawaringin Timur,Bukit Santuei,Tumbang Getas,74356
Kalimantan Tengah,Kotawaringin Timur,Bukit Santuei,Tumbang Kamining/Kaminting,74356
Kalimantan Tengah,Kotawaringin Timur,Bukit Santuei,Tumbang Batu,74356
Kalimantan Tengah,Kotawaringin Timur,Mentaya Hulu,Tanjung Jariangau,74356
Kalimantan Tengah,Kotawaringin Timur,Bukit Santuei,Tewei Hara,74356
Kalimantan Tengah,Kotawaringin Timur,Telaga Antang,Tanjung Harapan,74356
Kalimantan Tengah,Kotawaringin Timur,Bukit Santuei,Tanah Haluan,74356
Kalimantan Tengah,Kotawaringin Timur,Mentaya Hulu,Sationg,74356
Kalimantan Tengah,Kotawaringin Timur,Mentaya Hulu,Penda Durian,74356
Kalimantan Tengah,Kotawaringin Timur,Mentaya Hulu,Santilik,74356
Kalimantan Tengah,Kotawaringin Timur,Bukit Santuei,Lunuk Bagantung,74356
Kalimantan Tengah,Kotawaringin Timur,Mentaya Hulu,Pahirangan,74356
Kalimantan Tengah,Kotawaringin Timur,Mentaya Hulu,Pemantang,74356
Kalimantan Tengah,Kotawaringin Timur,Mentaya Hulu,Kuala Kuayan,74356
Kalimantan Tengah,Kotawaringin Timur,Telaga Antang,Buana Mustika,74356
Kalimantan Tengah,Kotawaringin Timur,Mentaya Hulu,Kapuk,74356
Kalimantan Tengah,Kotawaringin Timur,Mentaya Hulu,Kawan Batu,74356
Kalimantan Tengah,Kotawaringin Timur,Mentaya Hulu,Baampah,74356
Kalimantan Tengah,Kotawaringin Timur,Mentaya Hulu,Bawan,74356
Kalimantan Tengah,Kotawaringin Timur,Tualan Hulu,Wonosari,74355
Kalimantan Tengah,Kotawaringin Timur,Tualan Hulu,Tumbang Mujam,74355
Kalimantan Tengah,Kotawaringin Timur,Parenggean,Tehang,74355
Kalimantan Tengah,Kotawaringin Timur,Parenggean,Sumber Makmur,74355
Kalimantan Tengah,Kotawaringin Timur,Parenggean,Parenggean,74355
Kalimantan Tengah,Kotawaringin Timur,Tualan Hulu,Merah,74355
Kalimantan Tengah,Kotawaringin Timur,Parenggean,Mekar Jaya,74355
Kalimantan Tengah,Kotawaringin Timur,Tualan Hulu,Mekar Sari,74355
Kalimantan Tengah,Kotawaringin Timur,Parenggean,Karang Tunggal,74355
Kalimantan Tengah,Kotawaringin Timur,Tualan Hulu,Luwuk Sampun,74355
Kalimantan Tengah,Kotawaringin Timur,Parenggean,Karang Sari,74355
Kalimantan Tengah,Kotawaringin Timur,Parenggean,Kabuau,74355
Kalimantan Tengah,Kotawaringin Timur,Tualan Hulu,Damar Makmur,74355
Kalimantan Tengah,Kotawaringin Timur,Tualan Hulu,Jati Waringin,74355
Kalimantan Tengah,Kotawaringin Timur,Tualan Hulu,Bukit Makmur,74355
Kalimantan Tengah,Kotawaringin Timur,Tualan Hulu,Cempaka Putih,74355
Kalimantan Tengah,Kotawaringin Timur,Parenggean,Bukit Harapan,74355
Kalimantan Tengah,Kotawaringin Timur,Parenggean,Baringin Tunggal Jaya,74355
Kalimantan Tengah,Kotawaringin Timur,Parenggean,Barunang Miri,74355
Kalimantan Tengah,Kotawaringin Timur,Parenggean,Bajarau,74355
Kalimantan Tengah,Kotawaringin Timur,Parenggean,Bandar Agung,74355
Kalimantan Tengah,Kotawaringin Timur,Cempaga,Sei/Sungai Paring,74354
Kalimantan Tengah,Kotawaringin Timur,Cempaga Hulu,Selucing,74354
Kalimantan Tengah,Kotawaringin Timur,Cempaga,Rubung Buyung,74354
Kalimantan Tengah,Kotawaringin Timur,Cempaga Hulu,Pundu,74354
Kalimantan Tengah,Kotawaringin Timur,Cempaga,Patai,74354
Kalimantan Tengah,Kotawaringin Timur,Cempaga Hulu,Pelantaran,74354
Kalimantan Tengah,Kotawaringin Timur,Cempaga Hulu,Pantai Harapan,74354
Kalimantan Tengah,Kotawaringin Timur,Cempaga Hulu,Parit,74354
Kalimantan Tengah,Kotawaringin Timur,Cempaga Hulu,Keruing,74354
Kalimantan Tengah,Kotawaringin Timur,Cempaga,Lubuk Ranggan,74354
Kalimantan Tengah,Kotawaringin Timur,Cempaga,Luwuk Bunter (Lubuk Bunter),74354
Kalimantan Tengah,Kotawaringin Timur,Cempaga,Jemaras,74354
Kalimantan Tengah,Kotawaringin Timur,Cempaga,Cempaka Mulia Barat,74354
Kalimantan Tengah,Kotawaringin Timur,Cempaga,Cempaka Mulia Timur,74354
Kalimantan Tengah,Kotawaringin Timur,Cempaga Hulu,Bukit Raya,74354
Kalimantan Tengah,Kotawaringin Timur,Cempaga Hulu,Bukit Batu,74354
Kalimantan Tengah,Kotawaringin Timur,Telawang,Tanah Putih,74353
Kalimantan Tengah,Kotawaringin Timur,Telawang,Sebabi,74353
Kalimantan Tengah,Kotawaringin Timur,Kota Besi,Rasau Tumbuh,74353
Kalimantan Tengah,Kotawaringin Timur,Telawang,Peryang,74353
Kalimantan Tengah,Kotawaringin Timur,Kota Besi,Pamalian,74353
Kalimantan Tengah,Kotawaringin Timur,Kota Besi,Kota Besi Hulu,74353
Kalimantan Tengah,Kotawaringin Timur,Kota Besi,Palangan,74353
Kalimantan Tengah,Kotawaringin Timur,Kota Besi,Kandan,74353
Kalimantan Tengah,Kotawaringin Timur,Kota Besi,Kota Besi Hilir,74353
Kalimantan Tengah,Kotawaringin Timur,Telawang,Kenyala,74353
Kalimantan Tengah,Kotawaringin Timur,Kota Besi,Camba,74353
Kalimantan Tengah,Kotawaringin Timur,Kota Besi,Hanjalipan,74353
Kalimantan Tengah,Kotawaringin Timur,Kota Besi,Bajarum,74353
Kalimantan Tengah,Kotawaringin Timur,Telawang,Biru Maju,74353
Kalimantan Tengah,Kotawaringin Timur,Antang Kalang,Tumbang Sepayang,74352
Kalimantan Tengah,Kotawaringin Timur,Antang Kalang,Waringin Agung,74352
Kalimantan Tengah,Kotawaringin Timur,Telaga Antang,Tumbang Sangai,74352
Kalimantan Tengah,Kotawaringin Timur,Antang Kalang,Tumbang Ramei / Ramai,74352
Kalimantan Tengah,Kotawaringin Timur,Antang Kalang,Tumbang Kalang,74352
Kalimantan Tengah,Kotawaringin Timur,Telaga Antang,Tumbang Mangkup,74352
Kalimantan Tengah,Kotawaringin Timur,Antang Kalang,Tumbang Gagu,74352
Kalimantan Tengah,Kotawaringin Timur,Antang Kalang,Tumbang Hejan,74352
Kalimantan Tengah,Kotawaringin Timur,Telaga Antang,Tumbang Boloi,74352
Kalimantan Tengah,Kotawaringin Timur,Antang Kalang,Tumbang Bajanei,74352
Kalimantan Tengah,Kotawaringin Timur,Telaga Antang,Tukang Langit,74352
Kalimantan Tengah,Kotawaringin Timur,Antang Kalang,Sei/Sungai Puring,74352
Kalimantan Tengah,Kotawaringin Timur,Telaga Antang,Tri Buana,74352
Kalimantan Tengah,Kotawaringin Timur,Antang Kalang,Sei/Sungai Hanya,74352
Kalimantan Tengah,Kotawaringin Timur,Telaga Antang,Rantau Tampang,74352
Kalimantan Tengah,Kotawaringin Timur,Telaga Antang,Rantau Sawang,74352
Kalimantan Tengah,Kotawaringin Timur,Telaga Antang,Rantau Suang,74352
Kalimantan Tengah,Kotawaringin Timur,Telaga Antang,Rantau Katang,74352
Kalimantan Tengah,Kotawaringin Timur,Antang Kalang,Mulya Agung,74352
Kalimantan Tengah,Kotawaringin Timur,Antang Kalang,Gunung Makmur,74352
Kalimantan Tengah,Kotawaringin Timur,Telaga Antang,Luwuk Kuwan,74352
Kalimantan Tengah,Kotawaringin Timur,Antang Kalang,Bhakti Karya,74352
Kalimantan Tengah,Kotawaringin Timur,Telaga Antang,Beringin Agung,74352
Kalimantan Tengah,Kotawaringin Timur,Telaga Antang,Agung Muya,74352
Kalimantan Tengah,Kotawaringin Timur,Telaga Antang,Batu Agung,74352
Kalimantan Tengah,Kotawaringin Timur,Mentawa Baru (Ketapang),Pelangsian,74326
Kalimantan Tengah,Kotawaringin Timur,Mentawa Baru (Ketapang),Telaga Baru,74326
Kalimantan Tengah,Kotawaringin Timur,Mentawa Baru (Ketapang),Bengkuang Makmur,74326
Kalimantan Tengah,Kotawaringin Timur,Mentawa Baru (Ketapang),Eka Bahurui,74326
Kalimantan Tengah,Kotawaringin Timur,Mentawa Baru (Ketapang),Bapanggang Raya,74326
Kalimantan Tengah,Kotawaringin Timur,Mentawa Baru (Ketapang),Bapeang,74326
Kalimantan Tengah,Kotawaringin Timur,Seranau,Mentaya Seberang,74324
Kalimantan Tengah,Kotawaringin Timur,Mentawa Baru (Ketapang),Ketapang,74325
Kalimantan Tengah,Kotawaringin Timur,Mentawa Baru (Ketapang),Pasir Putih,74322
Kalimantan Tengah,Kotawaringin Timur,Mentawa Baru (Ketapang),Mentawa Baru Hilir,74323
Kalimantan Tengah,Kotawaringin Timur,Mentawa Baru (Ketapang),Mentawa Baru Hulu,74322
Kalimantan Tengah,Kotawaringin Timur,Mentawa Baru (Ketapang),Sawahan (Mentawa Baru Hulu Utara),74321
Kalimantan Tengah,Kotawaringin Timur,Seranau,Terantang Hilir,74315
Kalimantan Tengah,Kotawaringin Timur,Seranau,Ganepo,74314
Kalimantan Tengah,Kotawaringin Timur,Baamang,Tanah Mas,74312
Kalimantan Tengah,Kotawaringin Timur,Baamang,Baamang Hulu,74313
Kalimantan Tengah,Kotawaringin Timur,Baamang,Baamang Barat,74312
Kalimantan Tengah,Kotawaringin Timur,Baamang,Baamang Tengah,74312
Kalimantan Tengah,Kotawaringin Timur,Baamang,Baamang Hilir,74311
Kalimantan Tengah,Seruyan,Seruyan Hulu,Tusuk Belawan,74291
Kalimantan Tengah,Seruyan,Seruyan Hulu,Tumbang Taberau,74291
Kalimantan Tengah,Seruyan,Seruyan Hulu,Tumbang Suei,74291
Kalimantan Tengah,Seruyan,Suling Tambun,Tumbang Setoli,74291
Kalimantan Tengah,Seruyan,Seruyan Hulu,Tumbang Sepan,74291
Kalimantan Tengah,Seruyan,Seruyan Hulu,Tumbang Setawai,74291
Kalimantan Tengah,Seruyan,Suling Tambun,Tumbang Salau,74291
Kalimantan Tengah,Seruyan,Seruyan Hulu,Tumbang Manjul,74291
Kalimantan Tengah,Seruyan,Suling Tambun,Tumbang Langkai,74291
Kalimantan Tengah,Seruyan,Suling Tambun,Tumbang Magin,74291
Kalimantan Tengah,Seruyan,Seruyan Hulu,Tumbang Kubang,74291
Kalimantan Tengah,Seruyan,Seruyan Hulu,Tumbang Kasai,74291
Kalimantan Tengah,Seruyan,Suling Tambun,Tumbang Gugup,74291
Kalimantan Tengah,Seruyan,Seruyan Hulu,Tumbang Darap,74291
Kalimantan Tengah,Seruyan,Suling Tambun,Tanjung Tukal,74291
Kalimantan Tengah,Seruyan,Seruyan Hulu,Tumbang Bahan,74291
Kalimantan Tengah,Seruyan,Seruyan Hulu,Sepundu Hantu,74291
Kalimantan Tengah,Seruyan,Seruyan Hulu,Tanjung Paku,74291
Kalimantan Tengah,Seruyan,Seruyan Hulu,Rantau Panjang,74291
Kalimantan Tengah,Seruyan,Seruyan Hulu,Riam Batang,74291
Kalimantan Tengah,Seruyan,Suling Tambun,Rangkang Munduk,74291
Kalimantan Tengah,Seruyan,Suling Tambun,Rantau Betung,74291
Kalimantan Tengah,Seruyan,Seruyan Hulu,Mongoh Juoi,74291
Kalimantan Tengah,Seruyan,Seruyan Hulu,Majang/Mojang Baru,74291
Kalimantan Tengah,Seruyan,Seruyan Hulu,Marandang,74291
Kalimantan Tengah,Seruyan,Batu Ampar,Wana Tirta,74281
Kalimantan Tengah,Seruyan,Seruyan Hulu,Buntut Sapau,74291
Kalimantan Tengah,Seruyan,Seruyan Tengah,Teluk Bayur,74281
Kalimantan Tengah,Seruyan,Batu Ampar,Suka Mulya,74281
Kalimantan Tengah,Seruyan,Seruyan Tengah,Suka Mandang,74281
Kalimantan Tengah,Seruyan,Seruyan Tengah,Suka Makmur,74281
Kalimantan Tengah,Seruyan,Seruyan Tengah,Suka Jaya (Suka Ayu),74281
Kalimantan Tengah,Seruyan,Seruyan Tengah,Suka Maju,74281
Kalimantan Tengah,Seruyan,Batu Ampar,Sandul,74281
Kalimantan Tengah,Seruyan,Batu Ampar,Sebabi,74281
Kalimantan Tengah,Seruyan,Batu Ampar,Sehabu (Sahabu/Sebabu),74281
Kalimantan Tengah,Seruyan,Seruyan Tengah,Ringin Agung,74281
Kalimantan Tengah,Seruyan,Seruyan Tengah,Rantau Pulut,74281
Kalimantan Tengah,Seruyan,Seruyan Tengah,Penyumpa,74281
Kalimantan Tengah,Seruyan,Seruyan Tengah,Mugi Panyahu (Mugie Panyuhu),74281
Kalimantan Tengah,Seruyan,Seruyan Tengah,Panca Jaya,74281
Kalimantan Tengah,Seruyan,Seruyan Tengah,Pangke,74281
Kalimantan Tengah,Seruyan,Batu Ampar,Kalang,74281
Kalimantan Tengah,Seruyan,Seruyan Tengah,Durian Tunggal,74281
Kalimantan Tengah,Seruyan,Seruyan Tengah,Gantung Pengayuh,74281
Kalimantan Tengah,Seruyan,Seruyan Tengah,Bukit Buluh/Buluk,74281
Kalimantan Tengah,Seruyan,Batu Ampar,Batu Manangis,74281
Kalimantan Tengah,Seruyan,Seruyan Tengah,Ayawan,74281
Kalimantan Tengah,Seruyan,Seruyan Tengah,Batu Agung,74281
Kalimantan Tengah,Seruyan,Danau Seluluk,Tanjung Rangas II,74271
Kalimantan Tengah,Seruyan,Danau Seluluk,Tanjung Hara,74271
Kalimantan Tengah,Seruyan,Danau Seluluk,Tanjung Paring,74271
Kalimantan Tengah,Seruyan,Hanau,Tanjung Hanau/Hana,74271
Kalimantan Tengah,Seruyan,Danau Seluluk,Rangau Raya,74271
Kalimantan Tengah,Seruyan,Hanau,Pembuang Hulu I,74271
Kalimantan Tengah,Seruyan,Hanau,Pembuang Hulu II,74271
Kalimantan Tengah,Seruyan,Hanau,Parang Batang,74271
Kalimantan Tengah,Seruyan,Hanau,Paring Raya,74271
Kalimantan Tengah,Seruyan,Danau Seluluk,Panimba Raya,74271
Kalimantan Tengah,Seruyan,Hanau,Bahaur,74271
Kalimantan Tengah,Seruyan,Hanau,Derangga,74271
Kalimantan Tengah,Seruyan,Danau Seluluk,Asam Baru,74271
Kalimantan Tengah,Seruyan,Danau Sembuluh,Telaga Pulang,74261
Kalimantan Tengah,Seruyan,Danau Sembuluh,Sembuluh I (Satu),74261
Kalimantan Tengah,Seruyan,Danau Sembuluh,Sembuluh II (Dua),74261
Kalimantan Tengah,Seruyan,Seruyan Raya,Salunuk (Selunuk),74261
Kalimantan Tengah,Seruyan,Danau Sembuluh,Paren,74261
Kalimantan Tengah,Seruyan,Seruyan Raya,Lanpasa,74261
Kalimantan Tengah,Seruyan,Danau Sembuluh,Cempaka Baru,74261
Kalimantan Tengah,Seruyan,Danau Sembuluh,Palingkau,74261
Kalimantan Tengah,Seruyan,Seruyan Raya,Bangkal,74261
Kalimantan Tengah,Seruyan,Danau Sembuluh,Banua Usang,74261
Kalimantan Tengah,Seruyan,Seruyan Hilir,Sei/Sungai Urdang,74215
Kalimantan Tengah,Seruyan,Seruyan Hilir Timur,Sei/Sungai Bakau,74215
Kalimantan Tengah,Seruyan,Seruyan Hilir,Persit Raya,74215
Kalimantan Tengah,Seruyan,Seruyan Hilir,Sei/Sungai Perlu,74215
Kalimantan Tengah,Seruyan,Seruyan Hilir Timur,Mekar Indah,74215
Kalimantan Tengah,Seruyan,Seruyan Hilir,Kuala Pembuang Satu (I),74215
Kalimantan Tengah,Seruyan,Seruyan Hilir Timur,Halimaung Jaya,74215
Kalimantan Tengah,Seruyan,Seruyan Hilir,Tanjung Rangas,74214
Kalimantan Tengah,Seruyan,Seruyan Hilir,Baung,74214
Kalimantan Tengah,Seruyan,Seruyan Hilir,Jahitan,74214
Kalimantan Tengah,Seruyan,Seruyan Hilir,Muara Dua,74214
Kalimantan Tengah,Seruyan,Seruyan Hilir Timur,Pematang Panjang,74213
Kalimantan Tengah,Seruyan,Seruyan Hilir,Pematang Limau,74213
Kalimantan Tengah,Kotawaringin Barat,Pangkalan Lada,Sei/Sungai Rangit Jaya,74184
Kalimantan Tengah,Kotawaringin Barat,Pangkalan Lada,Sumber Agung,74184
Kalimantan Tengah,Kotawaringin Barat,Pangkalan Lada,Purbasari,74184
Kalimantan Tengah,Kotawaringin Barat,Pangkalan Lada,Sei/Sungai Melawen,74184
Kalimantan Tengah,Kotawaringin Barat,Pangkalan Lada,Pangkalan Durin,74184
Kalimantan Tengah,Kotawaringin Barat,Pangkalan Lada,Pangkalan Tiga,74184
Kalimantan Tengah,Kotawaringin Barat,Pangkalan Lada,Pandu Sanjaya,74184
Kalimantan Tengah,Kotawaringin Barat,Pangkalan Lada,Pangkalan Dewa,74184
Kalimantan Tengah,Kotawaringin Barat,Pangkalan Lada,Lada Mandala Jaya,74184
Kalimantan Tengah,Kotawaringin Barat,Pangkalan Lada,Makarti Jaya,74184
Kalimantan Tengah,Kotawaringin Barat,Pangkalan Banteng,Sungai Pulau,74183
Kalimantan Tengah,Kotawaringin Barat,Pangkalan Banteng,Simpang Berambai,74183
Kalimantan Tengah,Kotawaringin Barat,Pangkalan Banteng,Sungai Bengkuang,74183
Kalimantan Tengah,Kotawaringin Barat,Pangkalan Banteng,Sei/Sungai Hijau,74183
Kalimantan Tengah,Kotawaringin Barat,Pangkalan Banteng,Sido Mulyo/Ponco Mulyo,74183
Kalimantan Tengah,Kotawaringin Barat,Pangkalan Banteng,Natai Kerbau,74183
Kalimantan Tengah,Kotawaringin Barat,Pangkalan Banteng,Pangkalan Banteng,74183
Kalimantan Tengah,Kotawaringin Barat,Pangkalan Banteng,Mulia/Mulya Jadi,74183
Kalimantan Tengah,Kotawaringin Barat,Pangkalan Banteng,Kebon Agung,74183
Kalimantan Tengah,Kotawaringin Barat,Pangkalan Banteng,Marga Mulya,74183
Kalimantan Tengah,Kotawaringin Barat,Pangkalan Banteng,Karang Sari,74183
Kalimantan Tengah,Kotawaringin Barat,Pangkalan Banteng,Karangmulya,74183
Kalimantan Tengah,Kotawaringin Barat,Pangkalan Banteng,Arga Mulya,74183
Kalimantan Tengah,Kotawaringin Barat,Pangkalan Banteng,Berambai Makmur,74183
Kalimantan Tengah,Kotawaringin Barat,Pangkalan Banteng,Amin Jaya,74183
Kalimantan Tengah,Kotawaringin Barat,Kumai,Teluk Bogam,74181
Kalimantan Tengah,Kotawaringin Barat,Kumai,Teluk Pulai,74181
Kalimantan Tengah,Kotawaringin Barat,Kumai,Sei/Sungai Sekonyer,74181
Kalimantan Tengah,Kotawaringin Barat,Kumai,Sei/Sungai Kapitan,74181
Kalimantan Tengah,Kotawaringin Barat,Kumai,Sei/Sungai Bakau,74181
Kalimantan Tengah,Kotawaringin Barat,Kumai,Sebuai,74181
Kalimantan Tengah,Kotawaringin Barat,Kumai,Pangkalan Satu,74181
Kalimantan Tengah,Kotawaringin Barat,Kumai,Sabuai Timur,74181
Kalimantan Tengah,Kotawaringin Barat,Kumai,Kumai Hilir,74181
Kalimantan Tengah,Kotawaringin Barat,Kumai,Kumai Hulu,74181
Kalimantan Tengah,Kotawaringin Barat,Kumai,Keraya,74181
Kalimantan Tengah,Kotawaringin Barat,Kumai,Kubu,74181
Kalimantan Tengah,Kotawaringin Barat,Kumai,Bumi Harjo,74181
Kalimantan Tengah,Kotawaringin Barat,Kumai,Candi,74181
Kalimantan Tengah,Sukamara,Permata Kecubung,Sembi Kuan,74173
Kalimantan Tengah,Kotawaringin Barat,Kumai,Batu Belaman,74181
Kalimantan Tengah,Sukamara,Permata Kecubung,Semantun,74173
Kalimantan Tengah,Sukamara,Balai Riam,Sekuningan Baru,74173
Kalimantan Tengah,Sukamara,Permata Kecubung,Nibung Terjun,74173
Kalimantan Tengah,Sukamara,Balai Riam,Pempaning,74173
Kalimantan Tengah,Sukamara,Permata Kecubung,Kenawan,74173
Kalimantan Tengah,Sukamara,Balai Riam,Jihing,74173
Kalimantan Tengah,Sukamara,Balai Riam,Balai Riam,74173
Kalimantan Tengah,Sukamara,Balai Riam,Bangun Jaya,74173
Kalimantan Tengah,Sukamara,Balai Riam,Bukit Sungkai,74173
Kalimantan Tengah,Sukamara,Permata Kecubung,Ajang,74173
Kalimantan Tengah,Sukamara,Sukamara,Sukaraja,74172
Kalimantan Tengah,Sukamara,Balai Riam,Air Dua,74173
Kalimantan Tengah,Sukamara,Sukamara,Petarikan,74172
Kalimantan Tengah,Sukamara,Sukamara,Pudu,74172
Kalimantan Tengah,Sukamara,Sukamara,Padang,74172
Kalimantan Tengah,Sukamara,Sukamara,Pangkalan Muntai,74172
Kalimantan Tengah,Sukamara,Sukamara,Mendawai,74172
Kalimantan Tengah,Sukamara,Sukamara,Natai Sedawak,74172
Kalimantan Tengah,Sukamara,Pantai Lunci,Sei/Sungai Tabuk,74171
Kalimantan Tengah,Sukamara,Sukamara,Karta Mulya/Mulia,74172
Kalimantan Tengah,Sukamara,Jelai,Sei/Sungai Raja,74171
Kalimantan Tengah,Sukamara,Jelai,Sei/Sungai Bundung,74171
Kalimantan Tengah,Sukamara,Jelai,Sei/Sungai Baru,74171
Kalimantan Tengah,Sukamara,Jelai,Kuala Jelai,74171
Kalimantan Tengah,Sukamara,Jelai,Pulau Nibung,74171
Kalimantan Tengah,Lamandau,Sematu Jaya,Wonorejo,74162
Kalimantan Tengah,Lamandau,Menthobi Raya,Topalan,74162
Kalimantan Tengah,Lamandau,Sematu Jaya,Tri Tunggal,74162
Kalimantan Tengah,Lamandau,Bulik,Tamiang,74162
Kalimantan Tengah,Lamandau,Bulik Timur,Toka,74162
Kalimantan Tengah,Lamandau,Bulik,Sumber Mulya,74162
Kalimantan Tengah,Lamandau,Bulik Timur,Sungkup,74162
Kalimantan Tengah,Lamandau,Menthobi Raya,Sumber Jaya,74162
Kalimantan Tengah,Lamandau,Bulik Timur,Sepondam,74162
Kalimantan Tengah,Lamandau,Bulik,Sei/Sungai Mentawa,74162
Kalimantan Tengah,Lamandau,Bulik Timur,Sukamaju,74162
Kalimantan Tengah,Lamandau,Sematu Jaya,Purworejo,74162
Kalimantan Tengah,Lamandau,Bulik Timur,Nuangan,74162
Kalimantan Tengah,Lamandau,Bulik Timur,Nanga Kemujan,74162
Kalimantan Tengah,Lamandau,Bulik Timur,Nanga Koring,74162
Kalimantan Tengah,Lamandau,Menthobi Raya,Modang Mas,74162
Kalimantan Tengah,Lamandau,Menthobi Raya,Mukti Manunggal,74162
Kalimantan Tengah,Lamandau,Bulik Timur,Merambang,74162
Kalimantan Tengah,Lamandau,Menthobi Raya,Melata,74162
Kalimantan Tengah,Lamandau,Menthobi Raya,Lubuk Hiju,74162
Kalimantan Tengah,Lamandau,Sematu Jaya,Mekar Mulya,74162
Kalimantan Tengah,Lamandau,Sematu Jaya,Jangkar Prima,74162
Kalimantan Tengah,Lamandau,Bulik,Guci,74162
Kalimantan Tengah,Lamandau,Bulik,Bunut,74162
Kalimantan Tengah,Lamandau,Bulik,Bumi Agung,74162
Kalimantan Tengah,Lamandau,Menthobi Raya,Bukit Makmur,74162
Kalimantan Tengah,Lamandau,Menthobi Raya,Bukit Raya,74162
Kalimantan Tengah,Lamandau,Bulik Timur,Bukit Jaya,74162
Kalimantan Tengah,Lamandau,Bulik,Bukit Indah,74162
Kalimantan Tengah,Lamandau,Menthobi Raya,Bukit Harum,74162
Kalimantan Tengah,Lamandau,Bulik,Batu Kotam,74162
Kalimantan Tengah,Lamandau,Sematu Jaya,Batu Hambawang,74162
Kalimantan Tengah,Lamandau,Menthobi Raya,Batu Ampar,74162
Kalimantan Tengah,Lamandau,Bulik,Arga Mulya,74162
Kalimantan Tengah,Kotawaringin Barat,Kotawaringin Lama,Sumber Mukti,74161
Kalimantan Tengah,Kotawaringin Barat,Kotawaringin Lama,Tempayung,74161
Kalimantan Tengah,Kotawaringin Barat,Kotawaringin Lama,Sukajaya,74161
Kalimantan Tengah,Kotawaringin Barat,Kotawaringin Lama,Sakabulin,74161
Kalimantan Tengah,Kotawaringin Barat,Kotawaringin Lama,Suka Makmur,74161
Kalimantan Tengah,Kotawaringin Barat,Kotawaringin Lama,Rungun,74161
Kalimantan Tengah,Kotawaringin Barat,Kotawaringin Lama,Sagu/Dusun Sukamulya,74161
Kalimantan Tengah,Kotawaringin Barat,Kotawaringin Lama,Riam Durian,74161
Kalimantan Tengah,Kotawaringin Barat,Kotawaringin Lama,Lalang,74161
Kalimantan Tengah,Kotawaringin Barat,Kotawaringin Lama,Palih Baru,74161
Kalimantan Tengah,Kotawaringin Barat,Kotawaringin Lama,Kondang,74161
Kalimantan Tengah,Kotawaringin Barat,Kotawaringin Lama,Kota Waringin Hilir,74161
Kalimantan Tengah,Kotawaringin Barat,Kotawaringin Lama,Kotawaringin Hulu,74161
Kalimantan Tengah,Kotawaringin Barat,Kotawaringin Lama,Dawak,74161
Kalimantan Tengah,Kotawaringin Barat,Arut Utara,Sambi,74152
Kalimantan Tengah,Kotawaringin Barat,Arut Utara,Sukarami,74152
Kalimantan Tengah,Kotawaringin Barat,Arut Utara,Penyombaan,74152
Kalimantan Tengah,Kotawaringin Barat,Arut Utara,Riam,74152
Kalimantan Tengah,Kotawaringin Barat,Arut Utara,Pangkut,74152
Kalimantan Tengah,Kotawaringin Barat,Arut Utara,Penahan,74152
Kalimantan Tengah,Kotawaringin Barat,Arut Utara,Kerabu,74152
Kalimantan Tengah,Kotawaringin Barat,Arut Utara,Nanga Mua,74152
Kalimantan Tengah,Kotawaringin Barat,Arut Utara,Pandau,74152
Kalimantan Tengah,Kotawaringin Barat,Arut Selatan,Umpang,74117
Kalimantan Tengah,Kotawaringin Barat,Arut Utara,Gandis,74152
Kalimantan Tengah,Kotawaringin Barat,Arut Selatan,Tanjung Putri,74117
Kalimantan Tengah,Kotawaringin Barat,Arut Selatan,Tanjung Terantang,74117
Kalimantan Tengah,Kotawaringin Barat,Arut Selatan,Runtu,74117
Kalimantan Tengah,Kotawaringin Barat,Arut Selatan,Sulung Kenambui/Kanam Bui,74117
Kalimantan Tengah,Kotawaringin Barat,Arut Selatan,Natai Raya,74117
Kalimantan Tengah,Kotawaringin Barat,Arut Selatan,Mendawai Seberang,74117
Kalimantan Tengah,Kotawaringin Barat,Arut Selatan,Natai Baru,74117
Kalimantan Tengah,Kotawaringin Barat,Arut Selatan,Kenambui,74117
Kalimantan Tengah,Kotawaringin Barat,Arut Selatan,Kumpai Batu Atas,74117
Kalimantan Tengah,Kotawaringin Barat,Arut Selatan,Kumpai Batu Bawah,74117
Kalimantan Tengah,Kotawaringin Barat,Arut Selatan,Mendawai,74115
Kalimantan Tengah,Kotawaringin Barat,Arut Selatan,Raja Seberang,74116
Kalimantan Tengah,Kotawaringin Barat,Arut Selatan,Raja,74114
Kalimantan Tengah,Kotawaringin Barat,Arut Selatan,Madurejo,74112
Kalimantan Tengah,Kotawaringin Barat,Arut Selatan,Baru,74113
Kalimantan Tengah,Kotawaringin Barat,Arut Selatan,Sidorejo,74111
Kalimantan Tengah,Murung Raya,Barito Tuhup Raya,Tumbang Masalo,73991
Kalimantan Tengah,Murung Raya,Laung Tuhup,Tumbang Bondang,73991
Kalimantan Tengah,Murung Raya,Laung Tuhup,Tumbang Tonduk,73991
Kalimantan Tengah,Murung Raya,Laung Tuhup,Tumbang Bana,73991
Kalimantan Tengah,Murung Raya,Barito Tuhup Raya,Tumbang Bauh,73991
Kalimantan Tengah,Murung Raya,Laung Tuhup,Tumbang Bahan,73991
Kalimantan Tengah,Murung Raya,Laung Tuhup,Tawai Haui,73991
Kalimantan Tengah,Murung Raya,Laung Tuhup,Narui,73991
Kalimantan Tengah,Murung Raya,Laung Tuhup,Pelaci,73991
Kalimantan Tengah,Murung Raya,Laung Tuhup,Muara Tuhup,73991
Kalimantan Tengah,Murung Raya,Laung Tuhup,Muara Tupuh,73991
Kalimantan Tengah,Murung Raya,Laung Tuhup,Muara Laung II,73991
Kalimantan Tengah,Murung Raya,Laung Tuhup,Muara Maruwei I,73991
Kalimantan Tengah,Murung Raya,Laung Tuhup,Muara Maruwei II,73991
Kalimantan Tengah,Murung Raya,Laung Tuhup,Muara Laung I,73991
Kalimantan Tengah,Murung Raya,Barito Tuhup Raya,Makunjung,73991
Kalimantan Tengah,Murung Raya,Barito Tuhup Raya,Liang Nyaling,73991
Kalimantan Tengah,Murung Raya,Laung Tuhup,Lakutan,73991
Kalimantan Tengah,Murung Raya,Barito Tuhup Raya,Kohong,73991
Kalimantan Tengah,Murung Raya,Laung Tuhup,Kalang Duhung,73991
Kalimantan Tengah,Murung Raya,Barito Tuhup Raya,Hingan Tokung,73991
Kalimantan Tengah,Murung Raya,Laung Tuhup,Dirung Pundu,73991
Kalimantan Tengah,Murung Raya,Barito Tuhup Raya,Dirung Sararung/Sararong,73991
Kalimantan Tengah,Murung Raya,Laung Tuhup,Biha,73991
Kalimantan Tengah,Murung Raya,Laung Tuhup,Beralang,73991
Kalimantan Tengah,Murung Raya,Laung Tuhup,Beras Belange,73991
Kalimantan Tengah,Murung Raya,Barito Tuhup Raya,Batu Tojah,73991
Kalimantan Tengah,Murung Raya,Laung Tuhup,Batu Tuhup,73991
Kalimantan Tengah,Murung Raya,Laung Tuhup,Batu Karang,73991
Kalimantan Tengah,Murung Raya,Laung Tuhup,Batu Bua I,73991
Kalimantan Tengah,Murung Raya,Laung Tuhup,Batu Bua II,73991
Kalimantan Tengah,Murung Raya,Uut Murung,Tumbang Tupus/Topus,73981
Kalimantan Tengah,Murung Raya,Uut Murung,Tumbang Tujang,73981
Kalimantan Tengah,Murung Raya,Seribu Riam,Tumbang Tuhan/Tohan,73981
Kalimantan Tengah,Murung Raya,Sumber Barito,Tumbang Tuan,73981
Kalimantan Tengah,Murung Raya,Uut Murung,Tumbang Olong,73981
Kalimantan Tengah,Murung Raya,Uut Murung,Tumbang Olong II,73981
Kalimantan Tengah,Murung Raya,Seribu Riam,Tumbang Naan,73981
Kalimantan Tengah,Murung Raya,Sumber Barito,Tumbang Mulut,73981
Kalimantan Tengah,Murung Raya,Sumber Barito,Tumbang Masao,73981
Kalimantan Tengah,Murung Raya,Seribu Riam,Takajung,73981
Kalimantan Tengah,Murung Raya,Seribu Riam,Muara Joloi II,73981
Kalimantan Tengah,Murung Raya,Seribu Riam,Parahau,73981
Kalimantan Tengah,Murung Raya,Sumber Barito,Olong Liko,73981
Kalimantan Tengah,Murung Raya,Seribu Riam,Muara Joloi I,73981
Kalimantan Tengah,Murung Raya,Sumber Barito,Laas Baru,73981
Kalimantan Tengah,Murung Raya,Uut Murung,Kalasin,73981
Kalimantan Tengah,Murung Raya,Sumber Barito,Batu Makap,73981
Kalimantan Tengah,Murung Raya,Sumber Barito,Kalapeh Baru,73981
Kalimantan Tengah,Murung Raya,Sungai Babuat,Tumbang Saan,73971
Kalimantan Tengah,Murung Raya,Permata Intan,Tumbang Salio,73971
Kalimantan Tengah,Murung Raya,Sungai Babuat,Tumbang Kolon,73971
Kalimantan Tengah,Murung Raya,Permata Intan,Tumbang Lahung,73971
Kalimantan Tengah,Murung Raya,Sungai Babuat,Tumbang Apat,73971
Kalimantan Tengah,Murung Raya,Sungai Babuat,Tumbang Bantian,73971
Kalimantan Tengah,Murung Raya,Sungai Babuat,Tambelum,73971
Kalimantan Tengah,Murung Raya,Permata Intan,Sei/Sungai Lobang,73971
Kalimantan Tengah,Murung Raya,Permata Intan,Sei/Sungai Bakanon,73971
Kalimantan Tengah,Murung Raya,Permata Intan,Muara Bakanon,73971
Kalimantan Tengah,Murung Raya,Permata Intan,Pantai Laga,73971
Kalimantan Tengah,Murung Raya,Sungai Babuat,Batu Mirau,73971
Kalimantan Tengah,Murung Raya,Permata Intan,Juking Supan,73971
Kalimantan Tengah,Murung Raya,Permata Intan,Muara Babuat,73971
Kalimantan Tengah,Murung Raya,Permata Intan,Baratu (Beratu),73971
Kalimantan Tengah,Murung Raya,Tanah Siang,Tokung,73961
Kalimantan Tengah,Murung Raya,Tanah Siang,Tino Talih,73961
Kalimantan Tengah,Murung Raya,Tanah Siang Selatan,Tahujan Ontu,73961
Kalimantan Tengah,Murung Raya,Tanah Siang,Sei/Sungai Lunuk,73961
Kalimantan Tengah,Murung Raya,Tanah Siang,Tabulang,73961
Kalimantan Tengah,Murung Raya,Tanah Siang,Saripoi,73961
Kalimantan Tengah,Murung Raya,Tanah Siang,Saruhung,73961
Kalimantan Tengah,Murung Raya,Tanah Siang Selatan,Puruk Kambang,73961
Kalimantan Tengah,Murung Raya,Tanah Siang,Puruk Batu,73961
Kalimantan Tengah,Murung Raya,Tanah Siang Selatan,Oreng,73961
Kalimantan Tengah,Murung Raya,Tanah Siang,Olung Ulu,73961
Kalimantan Tengah,Murung Raya,Tanah Siang Selatan,Olung Hanangan,73961
Kalimantan Tengah,Murung Raya,Tanah Siang Selatan,Olung Muro,73961
Kalimantan Tengah,Murung Raya,Tanah Siang,Olung Nango,73961
Kalimantan Tengah,Murung Raya,Tanah Siang,Nonokaliwon,73961
Kalimantan Tengah,Murung Raya,Tanah Siang,Olung Balo,73961
Kalimantan Tengah,Murung Raya,Tanah Siang,Olung Dojou,73961
Kalimantan Tengah,Murung Raya,Tanah Siang,Mantiat Pari,73961
Kalimantan Tengah,Murung Raya,Tanah Siang,Muwun,73961
Kalimantan Tengah,Murung Raya,Tanah Siang,Konut,73961
Kalimantan Tengah,Murung Raya,Tanah Siang,Mahanyan,73961
Kalimantan Tengah,Murung Raya,Tanah Siang,Mangkolisoi,73961
Kalimantan Tengah,Murung Raya,Tanah Siang,Kalang Kaluh,73961
Kalimantan Tengah,Murung Raya,Tanah Siang,Karali,73961
Kalimantan Tengah,Murung Raya,Tanah Siang,Kolam,73961
Kalimantan Tengah,Murung Raya,Tanah Siang Selatan,Dirung Lingkin,73961
Kalimantan Tengah,Murung Raya,Tanah Siang,Doan Arung,73961
Kalimantan Tengah,Murung Raya,Tanah Siang,Cangkang,73961
Kalimantan Tengah,Murung Raya,Murung,Penyang,73911
Kalimantan Tengah,Murung Raya,Murung,Puruk Cahu,73911
Kalimantan Tengah,Murung Raya,Murung,Muara Untu,73911
Kalimantan Tengah,Murung Raya,Murung,Panuut (Panaout),73911
Kalimantan Tengah,Murung Raya,Murung,Muara Jaan,73911
Kalimantan Tengah,Murung Raya,Murung,Muara Sumpoi,73911
Kalimantan Tengah,Murung Raya,Murung,Mangkahui,73911
Kalimantan Tengah,Murung Raya,Murung,Muara Bumban/Bamban,73911
Kalimantan Tengah,Murung Raya,Murung,Dirung,73911
Kalimantan Tengah,Murung Raya,Murung,Jangin/Juking Pajang,73911
Kalimantan Tengah,Murung Raya,Murung,Malasan/Masalan,73911
Kalimantan Tengah,Murung Raya,Murung,Beriwit,73911
Kalimantan Tengah,Murung Raya,Murung,Danau Usung,73911
Kalimantan Tengah,Murung Raya,Murung,Batu Putih,73911
Kalimantan Tengah,Murung Raya,Murung,Bahitom/Bahintom,73911
Kalimantan Tengah,Barito Utara,Teweh Timur,Sampirang II,73881
Kalimantan Tengah,Barito Utara,Teweh Timur,Mampuak I,73881
Kalimantan Tengah,Barito Utara,Teweh Timur,Mampuak II (Pantung),73881
Kalimantan Tengah,Barito Utara,Teweh Timur,Muara Wakat,73881
Kalimantan Tengah,Barito Utara,Teweh Timur,Liju,73881
Kalimantan Tengah,Barito Utara,Teweh Baru,Liangbuah,73881
Kalimantan Tengah,Barito Utara,Teweh Timur,Benangin V / 5,73881
Kalimantan Tengah,Barito Utara,Teweh Timur,Jamut,73881
Kalimantan Tengah,Barito Utara,Teweh Baru,Gandring,73881
Kalimantan Tengah,Barito Utara,Teweh Timur,Benangin II / 2,73881
Kalimantan Tengah,Barito Utara,Teweh Timur,Benangin III / 3,73881
Kalimantan Tengah,Barito Utara,Teweh Timur,Benangin I / I,73881
Kalimantan Tengah,Barito Utara,Gunung Purei,Tanjung Harapan,73871
Kalimantan Tengah,Barito Utara,Gunung Purei,Payang,73871
Kalimantan Tengah,Barito Utara,Gunung Purei,Tambaba,73871
Kalimantan Tengah,Barito Utara,Gunung Purei,Muara Mea,73871
Kalimantan Tengah,Barito Utara,Gunung Purei,Linon Besi I,73871
Kalimantan Tengah,Barito Utara,Gunung Purei,Linon Besi II,73871
Kalimantan Tengah,Barito Utara,Gunung Purei,Lampeong I,73871
Kalimantan Tengah,Barito Utara,Gunung Timang,Walur,73862
Kalimantan Tengah,Barito Utara,Gunung Purei,Baok,73871
Kalimantan Tengah,Barito Utara,Gunung Timang,Tapen Raya,73862
Kalimantan Tengah,Barito Utara,Gunung Timang,Tongka,73862
Kalimantan Tengah,Barito Utara,Gunung Timang,Sangkurang,73862
Kalimantan Tengah,Barito Utara,Gunung Timang,Siwau,73862
Kalimantan Tengah,Barito Utara,Gunung Timang,Pelari,73862
Kalimantan Tengah,Barito Utara,Gunung Timang,Rarawa,73862
Kalimantan Tengah,Barito Utara,Gunung Timang,Malungai,73862
Kalimantan Tengah,Barito Utara,Gunung Timang,Payang Ara,73862
Kalimantan Tengah,Barito Utara,Gunung Timang,Ketapang,73862
Kalimantan Tengah,Barito Utara,Gunung Timang,Majangkan,73862
Kalimantan Tengah,Barito Utara,Gunung Timang,Jaman,73862
Kalimantan Tengah,Barito Utara,Gunung Timang,Kandui,73862
Kalimantan Tengah,Barito Utara,Gunung Timang,Baturaya II,73862
Kalimantan Tengah,Barito Utara,Gunung Timang,Baliti,73862
Kalimantan Tengah,Barito Utara,Montallat (Montalat),Ruji,73861
Kalimantan Tengah,Barito Utara,Montallat (Montalat),Sikan,73861
Kalimantan Tengah,Barito Utara,Montallat (Montalat),Pepas,73861
Kalimantan Tengah,Barito Utara,Montallat (Montalat),Rubei,73861
Kalimantan Tengah,Barito Utara,Montallat (Montalat),Montallat I,73861
Kalimantan Tengah,Barito Utara,Montallat (Montalat),Montallat II,73861
Kalimantan Tengah,Barito Utara,Montallat (Montalat),Paring Lahung,73861
Kalimantan Tengah,Barito Utara,Lahei Barat,Teluk Malewai,73852
Kalimantan Tengah,Barito Utara,Montallat (Montalat),Kamawen,73861
Kalimantan Tengah,Barito Utara,Lahei Barat,Papar Pujung,73852
Kalimantan Tengah,Barito Utara,Lahei,Rahaden,73852
Kalimantan Tengah,Barito Utara,Lahei Barat,Nihan Hulu,73852
Kalimantan Tengah,Barito Utara,Lahei,Mukut,73852
Kalimantan Tengah,Barito Utara,Lahei Barat,Nihan Hilir,73852
Kalimantan Tengah,Barito Utara,Lahei,Muara Inu,73852
Kalimantan Tengah,Barito Utara,Lahei,Muara Pari,73852
Kalimantan Tengah,Barito Utara,Lahei,Muara Bakah,73852
Kalimantan Tengah,Barito Utara,Lahei,Lahei II,73852
Kalimantan Tengah,Barito Utara,Lahei,Karendan,73852
Kalimantan Tengah,Barito Utara,Lahei Barat,Karamuan,73852
Kalimantan Tengah,Barito Utara,Lahei,Juju Baru,73852
Kalimantan Tengah,Barito Utara,Lahei Barat,Jangkang Lama,73852
Kalimantan Tengah,Barito Utara,Lahei,Ipu,73852
Kalimantan Tengah,Barito Utara,Lahei Barat,Jangkang Baru,73852
Kalimantan Tengah,Barito Utara,Lahei,Haragandang,73852
Kalimantan Tengah,Barito Utara,Lahei,Hurung Enep,73852
Kalimantan Tengah,Barito Utara,Lahei,Bengahon,73852
Kalimantan Tengah,Barito Utara,Lahei Barat,Benao Hulu,73852
Kalimantan Tengah,Barito Utara,Lahei Barat,Benao Hilir,73852
Kalimantan Tengah,Barito Utara,Teweh Selatan,Terinsing/Trinsing,73814
Kalimantan Tengah,Barito Utara,Teweh Selatan,Trahean,73814
Kalimantan Tengah,Barito Utara,Teweh Selatan,Tawan Jaya,73814
Kalimantan Tengah,Barito Utara,Teweh Baru,Sikui,73814
Kalimantan Tengah,Barito Utara,Teweh Tengah,Sei/Sungai Rahayu I,73814
Kalimantan Tengah,Barito Utara,Teweh Tengah,Pendreh/Pandreh,73814
Kalimantan Tengah,Barito Utara,Teweh Selatan,Pandran Raya,73814
Kalimantan Tengah,Barito Utara,Teweh Selatan,Pandran Permai,73814
Kalimantan Tengah,Barito Utara,Teweh Baru,Malawaken,73814
Kalimantan Tengah,Barito Utara,Teweh Tengah,Lemo II,73814
Kalimantan Tengah,Barito Utara,Teweh Baru,Liang Naga,73814
Kalimantan Tengah,Barito Utara,Teweh Baru,Hajak,73814
Kalimantan Tengah,Barito Utara,Teweh Baru,Jingah,73814
Kalimantan Tengah,Barito Utara,Teweh Tengah,Lemo I,73814
Kalimantan Tengah,Barito Utara,Teweh Selatan,Butong,73814
Kalimantan Tengah,Barito Utara,Teweh Tengah,Datai Nirui,73814
Kalimantan Tengah,Barito Utara,Teweh Selatan,Buntok Baru,73814
Kalimantan Tengah,Barito Utara,Teweh Selatan,Bintang Ninggi II (Dua),73814
Kalimantan Tengah,Barito Utara,Teweh Selatan,Bukit Sawit,73814
Kalimantan Tengah,Barito Utara,Teweh Selatan,Bintang Ninggi I (Satu),73814
Kalimantan Tengah,Barito Utara,Teweh Baru,Jambu,73813
Kalimantan Tengah,Barito Utara,Teweh Tengah,Beringin Raya,73814
Kalimantan Tengah,Barito Selatan,Jenamas,Rantau Kujang,73763
Kalimantan Tengah,Barito Selatan,Jenamas,Tabatan,73763
Kalimantan Tengah,Barito Selatan,Jenamas,Rangga Ilung,73763
Kalimantan Tengah,Barito Selatan,Jenamas,Rantau Bahuang,73763
Kalimantan Tengah,Barito Selatan,Dusun Hilir,Sei/Sungai Jaya,73762
Kalimantan Tengah,Barito Selatan,Dusun Hilir,Teluk Timbau,73762
Kalimantan Tengah,Barito Selatan,Dusun Hilir,Mahajandau/Mahanjau,73762
Kalimantan Tengah,Barito Selatan,Dusun Hilir,Mangkatir,73762
Kalimantan Tengah,Barito Selatan,Dusun Hilir,Mengkatip,73762
Kalimantan Tengah,Barito Selatan,Dusun Hilir,Damparan,73762
Kalimantan Tengah,Barito Selatan,Dusun Hilir,Kalanis,73762
Kalimantan Tengah,Barito Selatan,Dusun Hilir,Lehai,73762
Kalimantan Tengah,Barito Selatan,Dusun Hilir,Batampang,73762
Kalimantan Tengah,Barito Selatan,Dusun Hilir,Batilap,73762
Kalimantan Tengah,Barito Selatan,Karau Kuala,Teluk Sampudau,73761
Kalimantan Tengah,Barito Selatan,Karau Kuala,Teluk Betung,73761
Kalimantan Tengah,Barito Selatan,Karau Kuala,Talio,73761
Kalimantan Tengah,Barito Selatan,Karau Kuala,Selat Baru,73761
Kalimantan Tengah,Barito Selatan,Karau Kuala,Bintang Kurung,73761
Kalimantan Tengah,Barito Selatan,Karau Kuala,Janggi,73761
Kalimantan Tengah,Barito Selatan,Karau Kuala,Babai,73761
Kalimantan Tengah,Barito Selatan,Karau Kuala,Bangkuang,73761
Kalimantan Tengah,Barito Selatan,Gunung Bintang Awai,Wungkur Baru,73753
Kalimantan Tengah,Barito Selatan,Gunung Bintang Awai,Tabak Kanilan,73753
Kalimantan Tengah,Barito Selatan,Gunung Bintang Awai,Ugang Sayu,73753
Kalimantan Tengah,Barito Selatan,Gunung Bintang Awai,Wayun,73753
Kalimantan Tengah,Barito Selatan,Gunung Bintang Awai,Sei/Sungai Paken,73753
Kalimantan Tengah,Barito Selatan,Gunung Bintang Awai,Sire,73753
Kalimantan Tengah,Barito Selatan,Gunung Bintang Awai,Ruhing Raya,73753
Kalimantan Tengah,Barito Selatan,Gunung Bintang Awai,Sarimbuah,73753
Kalimantan Tengah,Barito Selatan,Gunung Bintang Awai,Patas I,73753
Kalimantan Tengah,Barito Selatan,Gunung Bintang Awai,Patas II,73753
Kalimantan Tengah,Barito Selatan,Gunung Bintang Awai,Ngurit,73753
Kalimantan Tengah,Barito Selatan,Gunung Bintang Awai,Palo Rejo,73753
Kalimantan Tengah,Barito Selatan,Gunung Bintang Awai,Kayumban,73753
Kalimantan Tengah,Barito Selatan,Gunung Bintang Awai,Malungai Raya,73753
Kalimantan Tengah,Barito Selatan,Gunung Bintang Awai,Bipak Kali,73753
Kalimantan Tengah,Barito Selatan,Gunung Bintang Awai,Gagutur,73753
Kalimantan Tengah,Barito Selatan,Gunung Bintang Awai,Baruang/Ekeng,73753
Kalimantan Tengah,Barito Selatan,Gunung Bintang Awai,Bintang Ara,73753
Kalimantan Tengah,Barito Selatan,Dusun Utara,Telekoi (Talekoi),73752
Kalimantan Tengah,Barito Selatan,Dusun Utara,Tamparak,73752
Kalimantan Tengah,Barito Selatan,Dusun Utara,Tamparak Layung,73752
Kalimantan Tengah,Barito Selatan,Dusun Utara,Tarusan,73752
Kalimantan Tengah,Barito Selatan,Dusun Utara,Reong,73752
Kalimantan Tengah,Barito Selatan,Dusun Utara,Sei/Sungai Telang,73752
Kalimantan Tengah,Barito Selatan,Dusun Utara,Panarukan,73752
Kalimantan Tengah,Barito Selatan,Dusun Utara,Pendang,73752
Kalimantan Tengah,Barito Selatan,Dusun Utara,Rampa Mea,73752
Kalimantan Tengah,Barito Selatan,Dusun Utara,Marawan Lama,73752
Kalimantan Tengah,Barito Selatan,Dusun Utara,Maruga,73752
Kalimantan Tengah,Barito Selatan,Dusun Utara,Hulu Tampang,73752
Kalimantan Tengah,Barito Selatan,Dusun Utara,Danau Bambure,73752
Kalimantan Tengah,Barito Selatan,Dusun Utara,Gunung Rantau,73752
Kalimantan Tengah,Barito Selatan,Dusun Utara,Bantai Bambure,73752
Kalimantan Tengah,Barito Selatan,Dusun Utara,Bundar,73752
Kalimantan Tengah,Barito Selatan,Dusun Selatan,Sanggu,73751
Kalimantan Tengah,Barito Selatan,Dusun Selatan,Tanjung Jawa,73751
Kalimantan Tengah,Barito Selatan,Dusun Selatan,Pararapak,73751
Kalimantan Tengah,Barito Selatan,Dusun Selatan,Penda Asam,73751
Kalimantan Tengah,Barito Selatan,Dusun Selatan,Sababilah,73751
Kalimantan Tengah,Barito Selatan,Dusun Selatan,Muara Ripung,73751
Kalimantan Tengah,Barito Selatan,Dusun Selatan,Pamait,73751
Kalimantan Tengah,Barito Selatan,Dusun Selatan,Kalahien,73751
Kalimantan Tengah,Barito Selatan,Dusun Selatan,Mabuan,73751
Kalimantan Tengah,Barito Selatan,Dusun Selatan,Teluk Telaga,73713
Kalimantan Tengah,Barito Selatan,Dusun Selatan,Tetei Lanan,73713
Kalimantan Tengah,Barito Selatan,Dusun Selatan,Telang Andrau,73713
Kalimantan Tengah,Barito Selatan,Dusun Selatan,Muara Talang,73713
Kalimantan Tengah,Barito Selatan,Dusun Selatan,Murung Paken,73713
Kalimantan Tengah,Barito Selatan,Dusun Selatan,Lembeng,73713
Kalimantan Tengah,Barito Selatan,Dusun Selatan,Madara,73713
Kalimantan Tengah,Barito Selatan,Dusun Selatan,Jelapat,73713
Kalimantan Tengah,Barito Selatan,Dusun Selatan,Danau Sadar,73713
Kalimantan Tengah,Barito Selatan,Dusun Selatan,Dangka,73713
Kalimantan Tengah,Barito Selatan,Dusun Selatan,Danau Ganting,73713
Kalimantan Tengah,Barito Selatan,Dusun Selatan,Danau Masura,73713
Kalimantan Tengah,Barito Selatan,Dusun Selatan,Hilir Sper,73712
Kalimantan Tengah,Barito Selatan,Dusun Selatan,Baru,73713
Kalimantan Tengah,Barito Selatan,Dusun Selatan,Buntok Kota,73711
Kalimantan Tengah,Barito Timur,Awang,Wungkur Nanakan,73681
Kalimantan Tengah,Barito Timur,Awang,Pianggu,73681
Kalimantan Tengah,Barito Timur,Awang,Tangkan,73681
Kalimantan Tengah,Barito Timur,Awang,Janah Mansiwui,73681
Kalimantan Tengah,Barito Timur,Awang,Danau,73681
Kalimantan Tengah,Barito Timur,Awang,Biwan,73681
Kalimantan Tengah,Barito Timur,Awang,Ampari,73681
Kalimantan Tengah,Barito Timur,Awang,Apar Batu,73681
Kalimantan Tengah,Barito Timur,Patangkep Tutui,Tamiang,73671
Kalimantan Tengah,Barito Timur,Patangkep Tutui,Pulau Padang,73671
Kalimantan Tengah,Barito Timur,Patangkep Tutui,Ramania,73671
Kalimantan Tengah,Barito Timur,Patangkep Tutui,Lalap,73671
Kalimantan Tengah,Barito Timur,Patangkep Tutui,Muani,73671
Kalimantan Tengah,Barito Timur,Patangkep Tutui,Kotam,73671
Kalimantan Tengah,Barito Timur,Patangkep Tutui,Kambitin,73671
Kalimantan Tengah,Barito Timur,Patangkep Tutui,Betang Nalong,73671
Kalimantan Tengah,Barito Timur,Patangkep Tutui,Jango,73671
Kalimantan Tengah,Barito Timur,Patangkep Tutui,Ampari Bora,73671
Kalimantan Tengah,Barito Timur,Patangkep Tutui,Bentot,73671
Kalimantan Tengah,Barito Timur,Benua Lima,Taniran Pasar Panas,73661
Kalimantan Tengah,Barito Timur,Benua Lima,Tewah Pupuh,73661
Kalimantan Tengah,Barito Timur,Benua Lima,Banyu Landas,73661
Kalimantan Tengah,Barito Timur,Benua Lima,Bagok,73661
Kalimantan Tengah,Barito Timur,Pematang Karau,Tumpung Ulung,73653
Kalimantan Tengah,Barito Timur,Pematang Karau,Tuyau,73653
Kalimantan Tengah,Barito Timur,Pematang Karau,Sumberejo,73653
Kalimantan Tengah,Barito Timur,Pematang Karau,Nagaleah,73653
Kalimantan Tengah,Barito Timur,Pematang Karau,Pinang Tunggal,73653
Kalimantan Tengah,Barito Timur,Pematang Karau,Muara Palantau,73653
Kalimantan Tengah,Barito Timur,Pematang Karau,Muru Duyung,73653
Kalimantan Tengah,Barito Timur,Pematang Karau,Kupang Bersih,73653
Kalimantan Tengah,Barito Timur,Pematang Karau,Lampeong,73653
Kalimantan Tengah,Barito Timur,Pematang Karau,Lebo,73653
Kalimantan Tengah,Barito Timur,Pematang Karau,Bararawa,73653
Kalimantan Tengah,Barito Timur,Pematang Karau,Ketap,73653
Kalimantan Tengah,Barito Timur,Karusen Janang,Wuran,73652
Kalimantan Tengah,Barito Timur,Pematang Karau,Bambulung,73653
Kalimantan Tengah,Barito Timur,Raren Batuah,Turan Amis,73652
Kalimantan Tengah,Barito Timur,Raren Batuah,Unsum,73652
Kalimantan Tengah,Barito Timur,Karusen Janang,Simpang Naneng,73652
Kalimantan Tengah,Barito Timur,Dusun Tengah,Sumber Garonggong,73652
Kalimantan Tengah,Barito Timur,Paku,Simpang Bingkuang/Bangkuang,73652
Kalimantan Tengah,Barito Timur,Raren Batuah,Sibung,73652
Kalimantan Tengah,Barito Timur,Paku,Runggu Raya,73652
Kalimantan Tengah,Barito Timur,Dusun Tengah,Saing,73652
Kalimantan Tengah,Barito Timur,Karusen Janang,Putut Tawuluh,73652
Kalimantan Tengah,Barito Timur,Dusun Tengah,Putai,73652
Kalimantan Tengah,Barito Timur,Dusun Tengah,Rodok,73652
Kalimantan Tengah,Barito Timur,Raren Batuah,Puri,73652
Kalimantan Tengah,Barito Timur,Paku,Patung,73652
Kalimantan Tengah,Barito Timur,Paku,Pangkan,73652
Kalimantan Tengah,Barito Timur,Paku,Paku Beto,73652
Kalimantan Tengah,Barito Timur,Dusun Tengah,Muara Awang,73652
Kalimantan Tengah,Barito Timur,Dusun Tengah,Netapin / Netampin,73652
Kalimantan Tengah,Barito Timur,Raren Batuah,Malintot,73652
Kalimantan Tengah,Barito Timur,Paku,Luau Jawuk,73652
Kalimantan Tengah,Barito Timur,Karusen Janang,Kandris,73652
Kalimantan Tengah,Barito Timur,Paku,Kalamus,73652
Kalimantan Tengah,Barito Timur,Karusen Janang,Ipu Mea,73652
Kalimantan Tengah,Barito Timur,Paku,Gandrung,73652
Kalimantan Tengah,Barito Timur,Karusen Janang,Dayu,73652
Kalimantan Tengah,Barito Timur,Raren Batuah,Baruyan,73652
Kalimantan Tengah,Barito Timur,Raren Batuah,Batuah,73652
Kalimantan Tengah,Barito Timur,Paku,Bantai Napu,73652
Kalimantan Tengah,Barito Timur,Dusun Tengah,Ampah Dua,73652
Kalimantan Tengah,Barito Timur,Dusun Tengah,Ampah Kota,73652
Kalimantan Tengah,Barito Timur,Dusun Timur,Sumur,73618
Kalimantan Tengah,Barito Timur,Dusun Timur,Maragut,73618
Kalimantan Tengah,Barito Timur,Dusun Timur,Matarah,73618
Kalimantan Tengah,Barito Timur,Dusun Timur,Gumpa,73618
Kalimantan Tengah,Barito Timur,Dusun Timur,Harara,73618
Kalimantan Tengah,Barito Timur,Paju Epat,Telang Siong,73617
Kalimantan Tengah,Barito Timur,Dusun Timur,angkarap,73618
Kalimantan Tengah,Barito Timur,Dusun Timur,Sarapat (Ex. Harara),73617
Kalimantan Tengah,Barito Timur,Dusun Timur,Tamiang Layang,73617
Kalimantan Tengah,Barito Timur,Paju Epat,Murutuwu,73617
Kalimantan Tengah,Barito Timur,Dusun Timur,Pulau Patai,73617
Kalimantan Tengah,Barito Timur,Dusun Timur,Karang Langit,73617
Kalimantan Tengah,Barito Timur,Paju Epat,Maipe,73617
Kalimantan Tengah,Barito Timur,Dusun Timur,Jaweten,73617
Kalimantan Tengah,Barito Timur,Paju Epat,Juru Banu,73617
Kalimantan Tengah,Barito Timur,Paju Epat,Kali Napu,73617
Kalimantan Tengah,Barito Timur,Dusun Timur,Jaar,73617
Kalimantan Tengah,Barito Timur,Dusun Timur,Didi,73617
Kalimantan Tengah,Barito Timur,Paju Epat,Balawa,73617
Kalimantan Tengah,Barito Timur,Dusun Timur,Dorong,73614
Kalimantan Tengah,Barito Timur,Dusun Timur,Haringen,73615
Kalimantan Tengah,Barito Timur,Dusun Timur,Magantis,73612
Kalimantan Tengah,Barito Timur,Dusun Timur,Matabu,73613
Kalimantan Tengah,Kapuas,Dadahup,Tanjung Harapan,73593
Kalimantan Tengah,Kapuas,Dadahup,Sumber Alaska,73593
Kalimantan Tengah,Kapuas,Kapuas Murung,Sumber Mulia,73593
Kalimantan Tengah,Kapuas,Dadahup,Sumber Agung,73593
Kalimantan Tengah,Kapuas,Kapuas Murung,Suka Reja,73593
Kalimantan Tengah,Kapuas,Kapuas Murung,Rawa Subur,73593
Kalimantan Tengah,Kapuas,Kapuas Murung,Saka Binjai,73593
Kalimantan Tengah,Kapuas,Kapuas Murung,Suka Mukti,73593
Kalimantan Tengah,Kapuas,Kapuas Murung,Palingkau Sejahtera,73593
Kalimantan Tengah,Kapuas,Dadahup,Petak Batuah,73593
Kalimantan Tengah,Kapuas,Kapuas Murung,Palingkau Jaya,73593
Kalimantan Tengah,Kapuas,Kapuas Murung,Palingkau Lama,73593
Kalimantan Tengah,Kapuas,Kapuas Murung,Palingkau Asri,73593
Kalimantan Tengah,Kapuas,Kapuas Murung,Palingkau Baru,73593
Kalimantan Tengah,Kapuas,Kapuas Murung,Palangkau Baru,73593
Kalimantan Tengah,Kapuas,Kapuas Murung,Palangkau Lama,73593
Kalimantan Tengah,Kapuas,Dadahup,Menteng Karya,73593
Kalimantan Tengah,Kapuas,Kapuas Murung,Muara Dadahup,73593
Kalimantan Tengah,Kapuas,Kapuas Murung,Mampai,73593
Kalimantan Tengah,Kapuas,Dadahup,Kahuripan Permai,73593
Kalimantan Tengah,Kapuas,Dadahup,Harapan Baru,73593
Kalimantan Tengah,Kapuas,Kapuas Murung,Bumi Rahayu,73593
Kalimantan Tengah,Kapuas,Dadahup,Dadahup,73593
Kalimantan Tengah,Kapuas,Dadahup,Dadahup Raya,73593
Kalimantan Tengah,Kapuas,Kapuas Murung,Bina Mekar,73593
Kalimantan Tengah,Kapuas,Kapuas Murung,Bina Sejahtera,73593
Kalimantan Tengah,Kapuas,Kapuas Murung,Bina Karya,73593
Kalimantan Tengah,Kapuas,Dadahup,Bina Jaya,73593
Kalimantan Tengah,Kapuas,Dadahup,Bentuk Jaya,73593
Kalimantan Tengah,Kapuas,Pulau Petak,Teluk Palinget,73592
Kalimantan Tengah,Kapuas,Kapuas Murung,Belawang,73593
Kalimantan Tengah,Kapuas,Pulau Petak,Sei Tatas Hilir,73592
Kalimantan Tengah,Kapuas,Pulau Petak,Sei/Sungai Tatas,73592
Kalimantan Tengah,Kapuas,Pulau Petak,Sakalagun,73592
Kalimantan Tengah,Kapuas,Pulau Petak,Palangkai,73592
Kalimantan Tengah,Kapuas,Pulau Petak,Mawar Mekar,73592
Kalimantan Tengah,Kapuas,Pulau Petak,Banama,73592
Kalimantan Tengah,Kapuas,Pulau Petak,Bunga Mawar,73592
Kalimantan Tengah,Kapuas,Pulau Petak,Anjir Palambang,73592
Kalimantan Tengah,Kapuas,Tamban Catur,Warna Sari,73583
Kalimantan Tengah,Kapuas,Kapuas Kuala,Wargo Mulyo,73583
Kalimantan Tengah,Kapuas,Tamban Catur,Tambun Makmur,73583
Kalimantan Tengah,Kapuas,Kapuas Kuala,Tamban Lupak,73583
Kalimantan Tengah,Kapuas,Tamban Catur,Tambun Jaya,73583
Kalimantan Tengah,Kapuas,Kapuas Kuala,Tamban Baru Tengah,73583
Kalimantan Tengah,Kapuas,Tamban Catur,Tamban Baru Tengah,73583
Kalimantan Tengah,Kapuas,Tamban Catur,Tamban Baru Timur,73583
Kalimantan Tengah,Kapuas,Kapuas Kuala,Simpang Bunga Tanjung,73583
Kalimantan Tengah,Kapuas,Tamban Catur,Tamban Baru Mekar,73583
Kalimantan Tengah,Kapuas,Tamban Catur,Sidomulyo,73583
Kalimantan Tengah,Kapuas,Tamban Catur,Sidorejo,73583
Kalimantan Tengah,Kapuas,Kapuas Kuala,Sei Bakut,73583
Kalimantan Tengah,Kapuas,Kapuas Kuala,Lupak Dalam,73583
Kalimantan Tengah,Kapuas,Kapuas Kuala,Lupak Timur,73583
Kalimantan Tengah,Kapuas,Kapuas Kuala,Cemara Labat,73583
Kalimantan Tengah,Kapuas,Kapuas Kuala,Baranggau,73583
Kalimantan Tengah,Kapuas,Kapuas Kuala,Batanjung,73583
Kalimantan Tengah,Kapuas,Tamban Catur,Bandar Raya,73583
Kalimantan Tengah,Kapuas,Tamban Catur,Bandar Mekar,73583
Kalimantan Tengah,Kapuas,Kapuas Timur,Anjir Serapat Tengah,73581
Kalimantan Tengah,Kapuas,Kapuas Timur,Anjir Serapat Timur,73581
Kalimantan Tengah,Kapuas,Kapuas Timur,Anjir Serapat Barat,73581
Kalimantan Tengah,Kapuas,Kapuas Timur,Anjir Serapat Baru,73581
Kalimantan Tengah,Kapuas,Kapuas Timur,Anjir Mambulau Tengah,73581
Kalimantan Tengah,Kapuas,Kapuas Timur,Anjir Mambulau Timur,73581
Kalimantan Tengah,Kapuas,Kapuas Timur,Anjir Mambulau Barat,73581
Kalimantan Tengah,Kapuas,Basarang,Pangkalan Sari,73564
Kalimantan Tengah,Kapuas,Basarang,Tambun Raya,73564
Kalimantan Tengah,Kapuas,Basarang,Tarung Manuah,73564
Kalimantan Tengah,Kapuas,Basarang,Panarung,73564
Kalimantan Tengah,Kapuas,Basarang,Bungai Jaya,73564
Kalimantan Tengah,Kapuas,Basarang,Lunuk Ramba,73564
Kalimantan Tengah,Kapuas,Basarang,Batuah,73564
Kalimantan Tengah,Kapuas,Basarang,Basungkai,73564
Kalimantan Tengah,Kapuas,Basarang,Batu Nindan,73564
Kalimantan Tengah,Kapuas,Basarang,Basarang Jaya,73564
Kalimantan Tengah,Kapuas,Basarang,Basarang,73564
Kalimantan Tengah,Kapuas,Pasak Talawang,Tumbang Nusa,73555
Kalimantan Tengah,Kapuas,Pasak Talawang,Tumbang Tukun,73555
Kalimantan Tengah,Kapuas,Pasak Talawang,Tumbang Diring,73555
Kalimantan Tengah,Kapuas,Kapuas Tengah,Tapen,73555
Kalimantan Tengah,Kapuas,Pasak Talawang,Sei/Sungai Ringin,73555
Kalimantan Tengah,Kapuas,Kapuas Tengah,Pujon,73555
Kalimantan Tengah,Kapuas,Kapuas Tengah,Penda Muntei,73555
Kalimantan Tengah,Kapuas,Mandau Talawang,Masupa Ria,73555
Kalimantan Tengah,Kapuas,Kapuas Tengah,Marapit (Merapit),73555
Kalimantan Tengah,Kapuas,Kapuas Tengah,Manis,73555
Kalimantan Tengah,Kapuas,Kapuas Tengah,Karukus,73555
Kalimantan Tengah,Kapuas,Pasak Talawang,Kaburan,73555
Kalimantan Tengah,Kapuas,Pasak Talawang,Jangkang,73555
Kalimantan Tengah,Kapuas,Kapuas Tengah,Hurung Pukung,73555
Kalimantan Tengah,Kapuas,Mandau Talawang,Jakatan Masaha,73555
Kalimantan Tengah,Kapuas,Pasak Talawang,Dandang,73555
Kalimantan Tengah,Kapuas,Pasak Talawang,Hurung Kampin,73555
Kalimantan Tengah,Kapuas,Kapuas Tengah,Buhut Jaya,73555
Kalimantan Tengah,Kapuas,Pasak Talawang,Batu Sambung,73555
Kalimantan Tengah,Kapuas,Kapuas Tengah,Barunang,73555
Kalimantan Tengah,Kapuas,Pasak Talawang,Balai Banjang,73555
Kalimantan Tengah,Kapuas,Kapuas Tengah,Bajuh,73555
Kalimantan Tengah,Kapuas,Timpah,Timpah,73554
Kalimantan Tengah,Kapuas,Timpah,Tumbang Randang,73554
Kalimantan Tengah,Kapuas,Timpah,Lungku Layang,73554
Kalimantan Tengah,Kapuas,Timpah,Petak Puti,73554
Kalimantan Tengah,Kapuas,Timpah,Aruk,73554
Kalimantan Tengah,Kapuas,Timpah,Batapah,73554
Kalimantan Tengah,Kapuas,Mantangai,Warga Mulya,73553
Kalimantan Tengah,Kapuas,Mantangai,Tumbang Mangkurup,73553
Kalimantan Tengah,Kapuas,Mantangai,Tumbang Muroi,73553
Kalimantan Tengah,Kapuas,Mantangai,Sumber Makmur,73553
Kalimantan Tengah,Kapuas,Mantangai,Tabore,73553
Kalimantan Tengah,Kapuas,Mantangai,Tarantang,73553
Kalimantan Tengah,Kapuas,Mantangai,Sri Widadi,73553
Kalimantan Tengah,Kapuas,Mantangai,Suka Maju,73553
Kalimantan Tengah,Kapuas,Mantangai,Sido Mulyo,73553
Kalimantan Tengah,Kapuas,Mantangai,Sekata Bangun,73553
Kalimantan Tengah,Kapuas,Mantangai,Sekata Makmur,73553
Kalimantan Tengah,Kapuas,Mantangai,Sei/Sungai Ahas,73553
Kalimantan Tengah,Kapuas,Mantangai,Sei/Sungai Kapar,73553
Kalimantan Tengah,Kapuas,Mantangai,Sei Gita,73553
Kalimantan Tengah,Kapuas,Mantangai,Sei Gawing,73553
Kalimantan Tengah,Kapuas,Mantangai,Manyahi,73553
Kalimantan Tengah,Kapuas,Mantangai,Muroi Raya,73553
Kalimantan Tengah,Kapuas,Mantangai,Manusup,73553
Kalimantan Tengah,Kapuas,Mantangai,Manusup Hilir,73553
Kalimantan Tengah,Kapuas,Mantangai,Mantangai Hulu,73553
Kalimantan Tengah,Kapuas,Mantangai,Mantangai Tengah,73553
Kalimantan Tengah,Kapuas,Mantangai,Lamunti Permai,73553
Kalimantan Tengah,Kapuas,Mantangai,Mantangai Hilir,73553
Kalimantan Tengah,Kapuas,Mantangai,Lamunti,73553
Kalimantan Tengah,Kapuas,Mantangai,Lamunti Baru,73553
Kalimantan Tengah,Kapuas,Mantangai,Lahei Mangkutup,73553
Kalimantan Tengah,Kapuas,Mantangai,Lampetan,73553
Kalimantan Tengah,Kapuas,Mantangai,Katimpun,73553
Kalimantan Tengah,Kapuas,Mantangai,Katunjung,73553
Kalimantan Tengah,Kapuas,Mantangai,Kaladan Jaya,73553
Kalimantan Tengah,Kapuas,Mantangai,Kalumpang,73553
Kalimantan Tengah,Kapuas,Mantangai,Harapan Jaya,73553
Kalimantan Tengah,Kapuas,Kapuas Barat,Teluk Hiri,73552
Kalimantan Tengah,Kapuas,Kapuas Barat,Sei/Sungai Dusun,73552
Kalimantan Tengah,Kapuas,Kapuas Barat,Sei/Sungai Kayu,73552
Kalimantan Tengah,Kapuas,Kapuas Barat,Saka Tamiang,73552
Kalimantan Tengah,Kapuas,Kapuas Barat,Sei Pitung,73552
Kalimantan Tengah,Kapuas,Kapuas Barat,Penda Ketapi,73552
Kalimantan Tengah,Kapuas,Kapuas Barat,Saka Mangkahai,73552
Kalimantan Tengah,Kapuas,Kapuas Barat,Pantai,73552
Kalimantan Tengah,Kapuas,Kapuas Barat,Mandomai,73552
Kalimantan Tengah,Kapuas,Kapuas Barat,Anjir Kalampan,73552
Kalimantan Tengah,Kapuas,Kapuas Barat,Basuta Raya,73552
Kalimantan Tengah,Kapuas,Kapuas Barat,Maju Bersama,73552
Kalimantan Tengah,Kapuas,Kapuas Hilir,Sei/Sungai Pasah,73525
Kalimantan Tengah,Kapuas,Kapuas Hilir,Saka Batur,73525
Kalimantan Tengah,Kapuas,Kapuas Hilir,Sei/Sungai Asam,73525
Kalimantan Tengah,Kapuas,Kapuas Hilir,Barimba,73524
Kalimantan Tengah,Kapuas,Kapuas Hilir,Bakungin,73525
Kalimantan Tengah,Kapuas,Bataguh,Terusan Raya,73516
Kalimantan Tengah,Kapuas,Bataguh,Terusan Raya Barat,73516
Kalimantan Tengah,Kapuas,Bataguh,Terusan Raya Hilir,73516
Kalimantan Tengah,Kapuas,Bataguh,Terusan Karya,73516
Kalimantan Tengah,Kapuas,Bataguh,Terusan Makmur,73516
Kalimantan Tengah,Kapuas,Bataguh,Terusan Mulya,73516
Kalimantan Tengah,Kapuas,Bataguh,Tamban Luar,73516
Kalimantan Tengah,Kapuas,Bataguh,Terusan Baguntan Raya,73516
Kalimantan Tengah,Kapuas,Selat,Selat Dalam,73516
Kalimantan Tengah,Kapuas,Selat,Selat Utara,73516
Kalimantan Tengah,Kapuas,Bataguh,Sei Jangkir,73516
Kalimantan Tengah,Kapuas,Bataguh,Sei/Sungai Lunuk,73516
Kalimantan Tengah,Kapuas,Selat,Pulau Telo Baru,73516
Kalimantan Tengah,Kapuas,Selat,Pulau Telo,73516
Kalimantan Tengah,Kapuas,Bataguh,Pulau Mambulau,73516
Kalimantan Tengah,Kapuas,Bataguh,Bangun Harjo,73516
Kalimantan Tengah,Kapuas,Bataguh,Budi Mufakat,73516
