Propinsi,Kota/Kab.,Kecamatan,Kelurahan,Kode Pos
Kalimantan Timur,Samarinda,Samarinda Utara,Sei/Sungai Siring,75118
Kalimantan Timur,Samarinda,Samarinda Utara,Lempake,75118
Kalimantan Timur,Samarinda,Sungai Pinang,Sei/Sungai Pinang Dalam,75117
Kalimantan Timur,Berau,Derawan (Pulau Derawan),Teluk Semanting,77381
Kalimantan Timur,Berau,Derawan (Pulau Derawan),Tanjung Batu,77381
Kalimantan Timur,Berau,Derawan (Pulau Derawan),Pulau Derawan,77381
Kalimantan Timur,Berau,Derawan (Pulau Derawan),Teluk Semanting,77381
Kalimantan Timur,Berau,Derawan (Pulau Derawan),Tanjung Batu,77381
Kalimantan Timur,Berau,Derawan (Pulau Derawan),Pulau Derawan,77381
Kalimantan Timur,Berau,Batu Putih,Tembudan,77372
Kalimantan Timur,Berau,Tabalar,Tubaan,77372
Kalimantan Timur,Berau,Talisayan,Talisayan,77372
Kalimantan Timur,Berau,Biatan,Biatan Ulu,77372
Kalimantan Timur,Berau,Biatan,Biatan Ilir,77372
Kalimantan Timur,Berau,Biatan,Biatan Lempake,77372
Kalimantan Timur,Berau,Kelay,Sido Bangen,77362
Kalimantan Timur,Berau,Kelay,Merasa,77362
Kalimantan Timur,Berau,Kelay,Muara Lesan,77362
Kalimantan Timur,Berau,Segah,Long Laay/Laai,77361
Kalimantan Timur,Berau,Segah,Gunung Sari,77361
Kalimantan Timur,Berau,Segah,Harapan Jaya,77361
Kalimantan Timur,Berau,Teluk Bayur,Teluk Bayur,77315
Kalimantan Timur,Berau,Tanjung Redeb,Karang Ambun,77315
Kalimantan Timur,Berau,Tanjung Redeb,Sei/Sungai Bedungun,77315
Kalimantan Timur,Penajam Paser Utara,Babulu,Babulu Darat,76285
Kalimantan Timur,Penajam Paser Utara,Waru,Bangun Mulya,76284
Kalimantan Timur,Penajam Paser Utara,Waru,Sesulu,76284
Kalimantan Timur,Paser,Long Kali,Mendik Bhakti,76283
Kalimantan Timur,Paser,Long Kali,Makmur Jaya,76283
Kalimantan Timur,Paser,Long Kali,Maruat,76283
Kalimantan Timur,Paser,Long Ikis,Krayan Makmur,76282
Kalimantan Timur,Paser,Long Ikis,Krayan Sentosa,76282
Kalimantan Timur,Paser,Long Ikis,Lombok,76282
Kalimantan Timur,Paser,Kuaro,Kuaro,76281
Kalimantan Timur,Paser,Kuaro,Kendarom,76281
Kalimantan Timur,Paser,Kuaro,Kerta Bumi,76281
Kalimantan Timur,Paser,Pasir Belengkong,Bekoso,76271
Kalimantan Timur,Paser,Tanjung Harapan,Tanjung Aru,76261
Kalimantan Timur,Paser,Batu Engau,Tampakan,76261
Kalimantan Timur,Paser,Muara Komam,Uko,76253
Kalimantan Timur,Paser,Batu Engau,Bai Jaya,76261
Kalimantan Timur,Paser,Muara Komam,Swan Slutung,76253
Kalimantan Timur,Paser,Batu Sopang,Rantau Buta,76252
Kalimantan Timur,Paser,Muara Samu,Rantau Atas,76252
Kalimantan Timur,Paser,Muara Samu,Rantau Bintungan,76252
Kalimantan Timur,Paser,Tanah Grogot,Pulau Rantau,76251
Kalimantan Timur,Paser,Tanah Grogot,Rantau Panjang,76251
Kalimantan Timur,Paser,Tanah Grogot,Pepara,76251
Kalimantan Timur,Penajam Paser Utara,Sepaku,Argo Mulyo,76147
Kalimantan Timur,Penajam Paser Utara,Sepaku,Binuang,76147
Kalimantan Timur,Penajam Paser Utara,Sepaku,Maridan,76146
Kalimantan Timur,Penajam Paser Utara,Penajam,Penajam,76141
Kalimantan Timur,Penajam Paser Utara,Penajam,Lawe Lawe,76142
Kalimantan Timur,Penajam Paser Utara,Penajam,Gunung Seteleng,76141
Kalimantan Timur,Balikpapan,Balikpapan Tengah,Karang Jati,76123
Kalimantan Timur,Balikpapan,Balikpapan Tengah,Karang Rejo,76124
Kalimantan Timur,Balikpapan,Balikpapan Tengah,Gunung Sari Ulu,76122
Kalimantan Timur,Balikpapan,Balikpapan Kota,Prapatan,76111
Kalimantan Timur,Kutai Barat,Long Hubung,Tripati Makmur,75779
Kalimantan Timur,Kutai Barat,Long Hubung,Wana Pariq,75779
Kalimantan Timur,Kutai Barat,Bentian Besar,Sambung,75778
Kalimantan Timur,Kutai Barat,Bentian Besar,Dilang Puti,75778
Kalimantan Timur,Kutai Barat,Bentian Besar,Jelmu Sibak,75778
Kalimantan Timur,Kutai Barat,Damai,Damai Seberang,75777
Kalimantan Timur,Kutai Barat,Nyuatan,Dempar,75777
Kalimantan Timur,Kutai Barat,Damai,Bermai,75777
Kalimantan Timur,Kutai Barat,Barong Tongkok,Juhan Asa,75776
Kalimantan Timur,Kutai Barat,Barong Tongkok,Mencimai,75776
Kalimantan Timur,Kutai Barat,Barong Tongkok,Gemuhan Asa,75776
Kalimantan Timur,Kutai Barat,Muara Pahu,Tepian Ulaq,75774
Kalimantan Timur,Kutai Barat,Siluq Ngurai,Tendiq,75774
Kalimantan Timur,Kutai Barat,Muara Pahu,Teluk Tempudau,75774
Kalimantan Timur,Kutai Barat,Siluq Ngurai,Kenyanyan,75774
Kalimantan Timur,Kutai Barat,Siluq Ngurai,Kiaq,75774
Kalimantan Timur,Kutai Barat,Siluq Ngurai,Kaliq,75774
Kalimantan Timur,Kutai Barat,Jempang,Muara Nayan,75773
Kalimantan Timur,Kutai Barat,Jempang,Bekokong Makmur (Resak Bekokong),75773
Kalimantan Timur,Kutai Barat,Jempang,Lembonah,75773
Kalimantan Timur,Kutai Barat,Long Apari,Noha Tifab (Naha Tifab),75769
Kalimantan Timur,Kutai Barat,Long Apari,Tiong Buu,75769
Kalimantan Timur,Kutai Barat,Long Apari,Long Penaneh Tiga,75769
Kalimantan Timur,Kutai Barat,Long Pahangai,Lirung Ubing,75768
Kalimantan Timur,Kutai Barat,Long Bagun,Ujoh Bilang,75767
Kalimantan Timur,Kutai Barat,Long Pahangai,Datah Naha,75768
Kalimantan Timur,Kutai Barat,Tering,Purworejo,75766
Kalimantan Timur,Kutai Barat,Tering,Muyub/Muyup Ilir,75766
Kalimantan Timur,Kutai Barat,Tering,Muyub/Muyup Ulu,75766
Kalimantan Timur,Kutai Barat,Sekolaq Darat,Sri Mulyo,75765
Kalimantan Timur,Kutai Barat,Sekolaq Darat,Sekolaq Joleq,75765
Kalimantan Timur,Kutai Barat,Sekolaq Darat,Sekolaq Muliaq,75765
Kalimantan Timur,Kutai Barat,Melak,Empakuq,75765
Kalimantan Timur,Kutai Barat,Melak,Empas,75765
Kalimantan Timur,Kutai Barat,Penyinggahan,Penyinggahan Ulu,75763
Kalimantan Timur,Kutai Timur,Sangkulirang,Saka,75684
Kalimantan Timur,Kutai Timur,Sangkulirang,Peridan,75684
Kalimantan Timur,Kutai Timur,Karangan,Pengadan (Pengadaan Baru),75684
Kalimantan Timur,Kutai Timur,Sangatta Utara,Teluk Lingga,75683
Kalimantan Timur,Kutai Timur,Teluk Pandan,Suka Rahmat,75683
Kalimantan Timur,Kutai Timur,Sangatta Utara,Swarga Bara,75683
Kalimantan Timur,Kutai Timur,Muara Ancalong,Senyiur,75656
Kalimantan Timur,Kutai Timur,Long Mesangat (Mesengat),Sumber Sari,75656
Kalimantan Timur,Kutai Timur,Long Mesangat (Mesengat),Segoi Makmur,75656
Kalimantan Timur,Kutai Timur,Muara Wahau,Dabeq,75655
Kalimantan Timur,Kutai Timur,Batu Ampar,Telaga,75654
Kalimantan Timur,Kutai Timur,Long Mesangat (Mesengat),Tanah Abang,75654
Kalimantan Timur,Kutai Timur,Kaubun,Cipta Graha,75619
Kalimantan Timur,Kutai Timur,Kaubun,Bumi Jaya,75619
Kalimantan Timur,Kutai Timur,Kaubun,Bumi Etam,75619
Kalimantan Timur,Kutai Timur,Kaliorang,Bangun Jaya,75618
Kalimantan Timur,Kutai Timur,Kaliorang,Bukit Harapan,75618
Kalimantan Timur,Kutai Barat,Linggang Bigung,Purwadadi,75576
Kalimantan Timur,Kutai Kartanegara,Tenggarong Seberang,Manunggal Jaya,75572
Kalimantan Timur,Kutai Kartanegara,Tenggarong Seberang,Loa Lepu,75572
Kalimantan Timur,Kutai Kartanegara,Tenggarong Seberang,Loa Pari,75572
Kalimantan Timur,Kutai Kartanegara,Loa Kulu,Jongkang,75571
Kalimantan Timur,Kutai Kartanegara,Loa Kulu,Karya Utama,75571
Kalimantan Timur,Kutai Kartanegara,Loa Kulu,Jembayan Tengah,75571
Kalimantan Timur,Kutai Kartanegara,Muara Muntai,Muara Muntai Ulu,75562
Kalimantan Timur,Kutai Kartanegara,Muara Muntai,Muara Aloh,75562
Kalimantan Timur,Kutai Kartanegara,Muara Muntai,Muara Leka,75562
Kalimantan Timur,Kutai Kartanegara,Kota Bangun,Liang Ulu,75561
Kalimantan Timur,Kutai Kartanegara,Kota Bangun,Kota Bangun Ilir,75561
Kalimantan Timur,Kutai Kartanegara,Kota Bangun,Kota Bangun Seberang,75561
Kalimantan Timur,Kutai Kartanegara,Tabang,Tukung Ritan,75558
Kalimantan Timur,Kutai Kartanegara,Tabang,Ritan Baru,75558
Kalimantan Timur,Kutai Kartanegara,Tabang,Sidomulyo,75558
Kalimantan Timur,Kutai Kartanegara,Kembang Janggut,Loa Sakoh,75557
Kalimantan Timur,Kutai Kartanegara,Kembang Janggut,Kembang Janggut,75557
Kalimantan Timur,Kutai Kartanegara,Kembang Janggut,Hambau,75557
Kalimantan Timur,Kutai Timur,Telen,Marah Kenyah (Long Melah),75555
Kalimantan Timur,Kutai Timur,Kongbeng,Marga Mulia,75555
Kalimantan Timur,Kutai Timur,Kongbeng,Makmur Jaya,75555
Kalimantan Timur,Kutai Kartanegara,Muara Kaman,Menamang Kiri,75553
Kalimantan Timur,Kutai Kartanegara,Muara Kaman,Kupang Baru,75553
Kalimantan Timur,Kutai Kartanegara,Muara Kaman,Lebaho Ulaq,75553
Kalimantan Timur,Kutai Kartanegara,Sebulu,Budaya Lekaq Kidau,75552
Kalimantan Timur,Kutai Kartanegara,Tenggarong,Sukarame,75515
Kalimantan Timur,Kutai Kartanegara,Tenggarong,Mangkurawang,75517
Kalimantan Timur,Kutai Kartanegara,Loa Janan,Loa Duri Ulu,75391
Kalimantan Timur,Kutai Kartanegara,Loa Janan,Bakungan,75391
Kalimantan Timur,Kutai Kartanegara,Loa Janan,Batuah,75391
Kalimantan Timur,Kutai Kartanegara,Muara Badak,Seliki,75382
Kalimantan Timur,Kutai Kartanegara,Muara Badak,Salo Cella,75382
Kalimantan Timur,Kutai Kartanegara,Muara Badak,Salo Palai,75382
Kalimantan Timur,Bontang,Bontang Selatan,Satimpo,75324
Kalimantan Timur,Bontang,Bontang Selatan,Tanjung Laut,75321
Kalimantan Timur,Bontang,Bontang Utara,Guntung,75314
Kalimantan Timur,Kutai Kartanegara,Samboja (Semboja),Sei/Sungai Seluang,75271
Kalimantan Timur,Kutai Kartanegara,Samboja (Semboja),Tani Bakti,75271
Kalimantan Timur,Kutai Kartanegara,Samboja (Semboja),Sei/Sungai Merdeka,75271
Kalimantan Timur,Kutai Kartanegara,Sanga-Sanga,Pendingin,75256
Kalimantan Timur,Samarinda,Palaran,Bantuas,75253
Kalimantan Timur,Kutai Kartanegara,Sanga-Sanga,Sarijaya,75251
Kalimantan Timur,Samarinda,Samarinda Kota,Sei/Sungai Pinang Luar,75117
Kalimantan Timur,Samarinda,Samarinda Ilir,Sidomulyo,75116
Kalimantan Timur,Samarinda,Samarinda Ilir,Pelita,75117
Kalimantan Timur,Samarinda,Samarinda Ilir,Sidodamai,75116
Kalimantan Timur,Samarinda,Samarinda Ilir,Sei/Sungai Dama,75115
Kalimantan Timur,Samarinda,Sambutan,Makroman,75115
Kalimantan Timur,Samarinda,Sambutan,Sambutan,75115
Kalimantan Timur,Samarinda,Sambutan,Sindang Sari,75114
Kalimantan Timur,Samarinda,Samarinda Ilir,Selili,75114
Kalimantan Timur,Samarinda,Sambutan,Pulau Atas,75114
Kalimantan Timur,Samarinda,Sambutan,Sei/Sungai Kapih,75114
Kalimantan Timur,Samarinda,Samarinda Kota,Karang Mumus,75113
Kalimantan Timur,Samarinda,Samarinda Kota,Pasar Pagi,75111
Kalimantan Timur,Samarinda,Samarinda Kota,Pelabuhan,75112
Kalimantan Timur,Berau,Derawan (Pulau Derawan),Pegat Bertumbuk,77381
Kalimantan Timur,Berau,Maratua,Maratua Teluk Alulu,77381
Kalimantan Timur,Berau,Maratua,Maratua Teluk Harapan,77381
Kalimantan Timur,Berau,Maratua,Maratua Payung-Payung,77381
Kalimantan Timur,Berau,Maratua,Maratua Bohesilian,77381
Kalimantan Timur,Berau,Derawan (Pulau Derawan),Kasai,77381
Kalimantan Timur,Berau,Biduk-Biduk,Teluk Sumbang,77373
Kalimantan Timur,Berau,Biduk-Biduk,Tanjung Perepat,77373
Kalimantan Timur,Berau,Biduk-Biduk,Teluk Sulaiman,77373
Kalimantan Timur,Berau,Batu Putih,Lobang Kelatak,77373
Kalimantan Timur,Berau,Biduk-Biduk,Pantai Harapan,77373
Kalimantan Timur,Berau,Biduk-Biduk,Giring-Giring,77373
Kalimantan Timur,Berau,Batu Putih,Batu Putih,77373
Kalimantan Timur,Berau,Biduk-Biduk,Biduk-Biduk,77373
Kalimantan Timur,Berau,Batu Putih,Ampen Medang,77373
Kalimantan Timur,Berau,Batu Putih,Balik Kukuk (Balikukup),77373
Kalimantan Timur,Berau,Talisayan,Tunggal Bumi,77372
Kalimantan Timur,Berau,Derawan (Pulau Derawan),Pegat Bertumbuk,77381
Kalimantan Timur,Berau,Maratua,Maratua Teluk Alulu,77381
Kalimantan Timur,Berau,Maratua,Maratua Teluk Harapan,77381
Kalimantan Timur,Berau,Maratua,Maratua Payung-Payung,77381
Kalimantan Timur,Berau,Maratua,Maratua Bohesilian,77381
Kalimantan Timur,Berau,Derawan (Pulau Derawan),Kasai,77381
Kalimantan Timur,Berau,Biduk-Biduk,Teluk Sumbang,77373
Kalimantan Timur,Berau,Biduk-Biduk,Tanjung Perepat,77373
Kalimantan Timur,Berau,Biduk-Biduk,Teluk Sulaiman,77373
Kalimantan Timur,Berau,Batu Putih,Lobang Kelatak,77373
Kalimantan Timur,Berau,Biduk-Biduk,Pantai Harapan,77373
Kalimantan Timur,Berau,Biduk-Biduk,Giring-Giring,77373
Kalimantan Timur,Berau,Batu Putih,Batu Putih,77373
Kalimantan Timur,Berau,Biduk-Biduk,Biduk-Biduk,77373
Kalimantan Timur,Berau,Batu Putih,Ampen Medang,77373
Kalimantan Timur,Berau,Batu Putih,Balik Kukuk (Balikukup),77373
Kalimantan Timur,Berau,Talisayan,Tunggal Bumi,77372
Kalimantan Timur,Berau,Tabalar,Tabalar Ulu,77372
Kalimantan Timur,Berau,Talisayan,Sumber Mulia,77372
Kalimantan Timur,Berau,Tabalar,Tabalar Muara,77372
Kalimantan Timur,Berau,Batu Putih,Sumber Agung,77372
Kalimantan Timur,Berau,Talisayan,Suka Murya,77372
Kalimantan Timur,Berau,Talisayan,Purna Sari Jaya,77372
Kalimantan Timur,Berau,Tabalar,Semurut,77372
Kalimantan Timur,Berau,Biatan,Manunggal Jaya,77372
Kalimantan Timur,Berau,Batu Putih,Kayu Indah,77372
Kalimantan Timur,Berau,Tabalar,Harapan Maju,77372
Kalimantan Timur,Berau,Biatan,Karangan,77372
Kalimantan Timur,Berau,Talisayan,Dumaring,77372
Kalimantan Timur,Berau,Talisayan,Eka Sapta,77372
Kalimantan Timur,Berau,Talisayan,Campur Sari,77372
Kalimantan Timur,Berau,Tabalar,Buyung-Buyung (Radak),77372
Kalimantan Timur,Berau,Talisayan,Bumi Jaya,77372
Kalimantan Timur,Berau,Biatan,Biatan Ulu,77372
Kalimantan Timur,Berau,Biatan,Biatan Bapinang,77372
Kalimantan Timur,Berau,Biatan,Biatan Baru,77372
Kalimantan Timur,Berau,Sambaliung,Tanjung Perangat,77371
Kalimantan Timur,Berau,Sambaliung,Tumbit Dayak,77371
Kalimantan Timur,Berau,Sambaliung,Suaran,77371
Kalimantan Timur,Berau,Sambaliung,Sukan Tengah,77371
Kalimantan Timur,Berau,Sambaliung,Sambaliung,77371
Kalimantan Timur,Berau,Sambaliung,Pesayan,77371
Kalimantan Timur,Berau,Sambaliung,Pilanjau,77371
Kalimantan Timur,Berau,Sambaliung,Rantau Panjang,77371
Kalimantan Timur,Berau,Sambaliung,Long Lanuk,77371
Kalimantan Timur,Berau,Sambaliung,Pegat Bukur,77371
Kalimantan Timur,Berau,Sambaliung,Inaran,77371
Kalimantan Timur,Berau,Sambaliung,Gurimbang,77371
Kalimantan Timur,Berau,Sambaliung,Bebanir (Sei Bebanir Bangun),77371
Kalimantan Timur,Berau,Sambaliung,Bena Baru,77371
Kalimantan Timur,Berau,Kelay,Panaan,77362
Kalimantan Timur,Berau,Kelay,Merapun,77362
Kalimantan Timur,Berau,Kelay,Long Sului,77362
Kalimantan Timur,Berau,Kelay,Mapulu,77362
Kalimantan Timur,Berau,Kelay,Merabu,77362
Kalimantan Timur,Berau,Kelay,Long Lamcin,77362
Kalimantan Timur,Berau,Kelay,Long Pelay,77362
Kalimantan Timur,Berau,Kelay,Long Beliu,77362
Kalimantan Timur,Berau,Kelay,Long Duhung,77362
Kalimantan Timur,Berau,Kelay,Long Keluh,77362
Kalimantan Timur,Berau,Kelay,Lesan Dayak,77362
Kalimantan Timur,Berau,Segah,Punan Malinau,77361
Kalimantan Timur,Berau,Segah,Punan Segah,77361
Kalimantan Timur,Berau,Segah,Tepian Buah,77361
Kalimantan Timur,Berau,Segah,Punan Mahkam,77361
Kalimantan Timur,Berau,Segah,Pandan Sari,77361
Kalimantan Timur,Berau,Segah,Long Ayan,77361
Kalimantan Timur,Berau,Segah,Long Ayap,77361
Kalimantan Timur,Berau,Gunung Tabur,Tasuk,77352
Kalimantan Timur,Berau,Segah,Bukit Makmur,77361
Kalimantan Timur,Berau,Gunung Tabur,Sambakungan,77352
Kalimantan Timur,Berau,Gunung Tabur,Samburakat,77352
Kalimantan Timur,Berau,Gunung Tabur,Merancang Ilir,77352
Kalimantan Timur,Berau,Gunung Tabur,Merancang Ulu,77352
Kalimantan Timur,Berau,Gunung Tabur,Pulau Besing,77352
Kalimantan Timur,Berau,Gunung Tabur,Maluang,77352
Kalimantan Timur,Berau,Gunung Tabur,Melati Jaya,77352
Kalimantan Timur,Berau,Teluk Bayur,Labanan Jaya,77352
Kalimantan Timur,Berau,Teluk Bayur,Labanan Makarti,77352
Kalimantan Timur,Berau,Teluk Bayur,Labanan Makmur,77352
Kalimantan Timur,Berau,Gunung Tabur,Gunung Tabur,77352
Kalimantan Timur,Berau,Gunung Tabur,Birang,77352
Kalimantan Timur,Berau,Teluk Bayur,Tumbit Melayu,77315
Kalimantan Timur,Berau,Gunung Tabur,Batu-Batu,77352
Kalimantan Timur,Berau,Tanjung Redeb,Tanjung Redeb,77315
Kalimantan Timur,Berau,Tanjung Redeb,Gayam,77315
Kalimantan Timur,Berau,Tanjung Redeb,Bugis,77312
Kalimantan Timur,Berau,Teluk Bayur,Rinding,77313
Kalimantan Timur,Berau,Tanjung Redeb,Gunung Panjang,77311
Kalimantan Timur,Samarinda,Samarinda Ulu,Sidodadi,77111
Kalimantan Timur,Penajam Paser Utara,Babulu,Sri Raharja,76285
Kalimantan Timur,Penajam Paser Utara,Babulu,Sumber Sari,76285
Kalimantan Timur,Penajam Paser Utara,Babulu,Sebakung Jaya,76285
Kalimantan Timur,Penajam Paser Utara,Babulu,Rawa Mulia,76285
Kalimantan Timur,Penajam Paser Utara,Babulu,Rintik,76285
Kalimantan Timur,Penajam Paser Utara,Babulu,Labangka,76285
Kalimantan Timur,Penajam Paser Utara,Babulu,Labangka Barat,76285
Kalimantan Timur,Penajam Paser Utara,Babulu,Gunung Makmur,76285
Kalimantan Timur,Penajam Paser Utara,Babulu,Gunung Mulia,76285
Kalimantan Timur,Penajam Paser Utara,Babulu,Babulu Laut,76285
Kalimantan Timur,Penajam Paser Utara,Babulu,Gunung Intan,76285
Kalimantan Timur,Penajam Paser Utara,Waru,Waru,76284
Kalimantan Timur,Paser,Long Kali,Sebakung Makmur,76283
Kalimantan Timur,Penajam Paser Utara,Waru,Api Api,76284
Kalimantan Timur,Paser,Long Kali,Sebakung,76283
Kalimantan Timur,Paser,Long Kali,Sebakung IV,76283
Kalimantan Timur,Paser,Long Kali,Pinang Jatus,76283
Kalimantan Timur,Paser,Long Kali,Putang,76283
Kalimantan Timur,Paser,Long Kali,Munggu,76283
Kalimantan Timur,Paser,Long Kali,Perkuwin,76283
Kalimantan Timur,Paser,Long Kali,Petiku,76283
Kalimantan Timur,Paser,Long Kali,Muara Toyu,76283
Kalimantan Timur,Paser,Long Kali,Muaraadang II,76283
Kalimantan Timur,Paser,Long Kali,Muara Telake,76283
Kalimantan Timur,Paser,Long Kali,Muara Pias,76283
Kalimantan Timur,Paser,Long Kali,Mendik Karya,76283
Kalimantan Timur,Paser,Long Kali,Mendik Makmur,76283
Kalimantan Timur,Paser,Long Kali,Muara Lambakan,76283
Kalimantan Timur,Paser,Long Kali,Mendik,76283
Kalimantan Timur,Paser,Long Kali,Gunungputar,76283
Kalimantan Timur,Paser,Long Kali,Kepala Telake,76283
Kalimantan Timur,Paser,Long Kali,Long Kali,76283
Kalimantan Timur,Paser,Long Ikis,Tiwei,76282
Kalimantan Timur,Paser,Long Kali,Bente/Tualan,76283
Kalimantan Timur,Paser,Long Ikis,Tajur,76282
Kalimantan Timur,Paser,Long Ikis,Teluk Waru,76282
Kalimantan Timur,Paser,Long Ikis,Sawit Jaya,76282
Kalimantan Timur,Paser,Long Ikis,Sekurou Jaya,76282
Kalimantan Timur,Paser,Long Ikis,Tajer Mulya,76282
Kalimantan Timur,Paser,Long Ikis,Pait,76282
Kalimantan Timur,Paser,Long Ikis,Samuntai,76282
Kalimantan Timur,Paser,Long Ikis,Muara Adang,76282
Kalimantan Timur,Paser,Long Ikis,Muara Adang I,76282
Kalimantan Timur,Paser,Long Ikis,Olung,76282
Kalimantan Timur,Paser,Long Ikis,Long Gelang,76282
Kalimantan Timur,Paser,Long Ikis,Long Ikis,76282
Kalimantan Timur,Paser,Long Ikis,Kerta Bakti,76282
Kalimantan Timur,Paser,Long Ikis,Krayan Bahagia,76282
Kalimantan Timur,Paser,Long Ikis,Krayan Jaya,76282
Kalimantan Timur,Paser,Long Ikis,Kayungo Sari,76282
Kalimantan Timur,Paser,Long Ikis,Kayungo,76282
Kalimantan Timur,Paser,Long Ikis,Brewe,76282
Kalimantan Timur,Paser,Long Ikis,Bukit Seloka,76282
Kalimantan Timur,Paser,Long Ikis,Jemparing,76282
Kalimantan Timur,Paser,Long Ikis,Atang Pait,76282
Kalimantan Timur,Paser,Long Ikis,Belimbing,76282
Kalimantan Timur,Paser,Kuaro,Rangan,76281
Kalimantan Timur,Paser,Kuaro,Sandeley,76281
Kalimantan Timur,Paser,Kuaro,Pasir Mayang,76281
Kalimantan Timur,Paser,Kuaro,Pondong Baru,76281
Kalimantan Timur,Paser,Kuaro,Modang,76281
Kalimantan Timur,Paser,Kuaro,Padang Jaya,76281
Kalimantan Timur,Paser,Kuaro,Klempang Sari,76281
Kalimantan Timur,Paser,Kuaro,Keluang Lolo,76281
Kalimantan Timur,Paser,Kuaro,Keluang Paser Jaya,76281
Kalimantan Timur,Paser,Kuaro,Air Mati,76281
Kalimantan Timur,Paser,Pasir Belengkong,Suliliran Baru,76271
Kalimantan Timur,Paser,Pasir Belengkong,Sunge Batu,76271
Kalimantan Timur,Paser,Pasir Belengkong,Suatang Baru,76271
Kalimantan Timur,Paser,Pasir Belengkong,Suatang Keteban,76271
Kalimantan Timur,Paser,Pasir Belengkong,Suliliran,76271
Kalimantan Timur,Paser,Pasir Belengkong,Seniung Jaya,76271
Kalimantan Timur,Paser,Pasir Belengkong,Suatang,76271
Kalimantan Timur,Paser,Pasir Belengkong,Pasir Belengkong,76271
Kalimantan Timur,Paser,Pasir Belengkong,Sangkuriman,76271
Kalimantan Timur,Paser,Pasir Belengkong,Lempesu,76271
Kalimantan Timur,Paser,Pasir Belengkong,Olong Pinang,76271
Kalimantan Timur,Paser,Pasir Belengkong,Damit,76271
Kalimantan Timur,Paser,Pasir Belengkong,Laburan,76271
Kalimantan Timur,Paser,Pasir Belengkong,Laburan Baru,76271
Kalimantan Timur,Paser,Batu Engau,Tebru Paser Damai,76261
Kalimantan Timur,Paser,Tanjung Harapan,Selengot,76261
Kalimantan Timur,Paser,Tanjung Harapan,Senipah,76261
Kalimantan Timur,Paser,Batu Engau,Saing Prupuk,76261
Kalimantan Timur,Paser,Batu Engau,Segendang,76261
Kalimantan Timur,Paser,Tanjung Harapan,Random,76261
Kalimantan Timur,Paser,Batu Engau,Riwang,76261
Kalimantan Timur,Paser,Batu Engau,Pengguren Jaya,76261
Kalimantan Timur,Paser,Batu Engau,Petangis,76261
Kalimantan Timur,Paser,Tanjung Harapan,Lori,76261
Kalimantan Timur,Paser,Batu Engau,Lomu,76261
Kalimantan Timur,Paser,Batu Engau,Mengkudu,76261
Kalimantan Timur,Paser,Batu Engau,Langgai,76261
Kalimantan Timur,Paser,Tanjung Harapan,Labuangkalo,76261
Kalimantan Timur,Paser,Batu Engau,Kerang,76261
Kalimantan Timur,Paser,Batu Engau,Kerang Dayo,76261
Kalimantan Timur,Paser,Tanjung Harapan,Keladen,76261
Kalimantan Timur,Paser,Muara Komam,Sekuan Makmur,76253
Kalimantan Timur,Paser,Muara Komam,Selerong,76253
Kalimantan Timur,Paser,Muara Komam,Muara Payang,76253
Kalimantan Timur,Paser,Muara Komam,Prayon,76253
Kalimantan Timur,Paser,Muara Komam,Muara Kuaro,76253
Kalimantan Timur,Paser,Muara Komam,Muara Langon,76253
Kalimantan Timur,Paser,Muara Komam,Long Sayo,76253
Kalimantan Timur,Paser,Muara Komam,Lusan,76253
Kalimantan Timur,Paser,Muara Komam,Muara Komam,76253
Kalimantan Timur,Paser,Muara Komam,Binangon,76253
Kalimantan Timur,Paser,Muara Samu,Tanjung Pinang,76252
Kalimantan Timur,Paser,Muara Komam,Batu Butok,76253
Kalimantan Timur,Paser,Muara Samu,Suweto,76252
Kalimantan Timur,Paser,Batu Sopang,Songka,76252
Kalimantan Timur,Paser,Batu Sopang,Samurangau,76252
Kalimantan Timur,Paser,Batu Sopang,Sei/Sungai Terik,76252
Kalimantan Timur,Paser,Batu Sopang,Rantau Layung,76252
Kalimantan Timur,Paser,Muara Samu,Muser,76252
Kalimantan Timur,Paser,Muara Samu,Luan (Dilibinti),76252
Kalimantan Timur,Paser,Muara Samu,Muara Andeh,76252
Kalimantan Timur,Paser,Muara Samu,Libur Dinding,76252
Kalimantan Timur,Paser,Batu Sopang,Kasungai,76252
Kalimantan Timur,Paser,Batu Sopang,Legai,76252
Kalimantan Timur,Paser,Batu Sopang,Busui,76252
Kalimantan Timur,Paser,Muara Samu,Biu,76252
Kalimantan Timur,Paser,Batu Sopang,Batu Sopang,76252
Kalimantan Timur,Paser,Tanah Grogot,Tapis,76251
Kalimantan Timur,Paser,Tanah Grogot,Tepian Batang,76251
Kalimantan Timur,Paser,Tanah Grogot,Tanah Grogot,76251
Kalimantan Timur,Paser,Tanah Grogot,Tanah Periuk,76251
Kalimantan Timur,Paser,Tanah Grogot,Senaken,76251
Kalimantan Timur,Paser,Tanah Grogot,Sungai Langir,76251
Kalimantan Timur,Paser,Tanah Grogot,Sei/Sungai Tuak,76251
Kalimantan Timur,Paser,Tanah Grogot,Sempulang,76251
Kalimantan Timur,Paser,Tanah Grogot,Pasir Baru,76251
Kalimantan Timur,Paser,Tanah Grogot,Jone,76251
Kalimantan Timur,Paser,Tanah Grogot,Muara Pasir,76251
Kalimantan Timur,Paser,Tanah Grogot,Padang Pengrapat,76251
Kalimantan Timur,Paser,Tanah Grogot,Janju,76251
Kalimantan Timur,Penajam Paser Utara,Sepaku,Mentawir,76149
Kalimantan Timur,Penajam Paser Utara,Sepaku,Karang Jinawi,76148
Kalimantan Timur,Penajam Paser Utara,Sepaku,Sepaku,76148
Kalimantan Timur,Penajam Paser Utara,Sepaku,Wonosari,76147
Kalimantan Timur,Penajam Paser Utara,Sepaku,Telemow,76147
Kalimantan Timur,Penajam Paser Utara,Sepaku,Tengin Baru (Sepaku III),76147
Kalimantan Timur,Penajam Paser Utara,Sepaku,Sukaraja (Sepaku II),76147
Kalimantan Timur,Penajam Paser Utara,Sepaku,Suko Mulyo,76147
Kalimantan Timur,Penajam Paser Utara,Sepaku,Pemaluan,76147
Kalimantan Timur,Penajam Paser Utara,Sepaku,Semoi II,76147
Kalimantan Timur,Penajam Paser Utara,Sepaku,Bumi Harapan,76147
Kalimantan Timur,Penajam Paser Utara,Sepaku,Bukit Raya (Sepaku I),76147
Kalimantan Timur,Penajam Paser Utara,Penajam,Pantai Lango,76146
Kalimantan Timur,Penajam Paser Utara,Penajam,Jenebora,76146
Kalimantan Timur,Penajam Paser Utara,Penajam,Riko,76145
Kalimantan Timur,Penajam Paser Utara,Penajam,Sepan,76145
Kalimantan Timur,Penajam Paser Utara,Penajam,Petung,76144
Kalimantan Timur,Penajam Paser Utara,Penajam,Sotek,76144
Kalimantan Timur,Penajam Paser Utara,Penajam,Gersik,76145
Kalimantan Timur,Penajam Paser Utara,Penajam,Tanjung Tengah,76143
Kalimantan Timur,Penajam Paser Utara,Penajam,Bulu Minung,76144
Kalimantan Timur,Penajam Paser Utara,Penajam,Sidorejo,76143
Kalimantan Timur,Penajam Paser Utara,Penajam,Pejala,76143
Kalimantan Timur,Penajam Paser Utara,Penajam,Saloloang,76143
Kalimantan Timur,Penajam Paser Utara,Penajam,Sesumpu,76142
Kalimantan Timur,Penajam Paser Utara,Penajam,Giripurwa,76143
Kalimantan Timur,Penajam Paser Utara,Penajam,Kampung Baru,76143
Kalimantan Timur,Penajam Paser Utara,Penajam,Sei/Sungai Parit,76142
Kalimantan Timur,Penajam Paser Utara,Penajam,Nipah Nipah,76142
Kalimantan Timur,Penajam Paser Utara,Penajam,Nenang,76141
Kalimantan Timur,Penajam Paser Utara,Penajam,Bukit Subur,76141
Kalimantan Timur,Penajam Paser Utara,Penajam,Giri Mukti,76141
Kalimantan Timur,Balikpapan,Balikpapan Utara,Batu Ampar,76136
Kalimantan Timur,Balikpapan,Balikpapan Barat,Baru Tengah,76132
Kalimantan Timur,Balikpapan,Balikpapan Barat,Baru Ulu,76133
Kalimantan Timur,Balikpapan,Balikpapan Barat,Kariangau,76134
Kalimantan Timur,Balikpapan,Balikpapan Barat,Margo Mulyo,76131
Kalimantan Timur,Kutai Kartanegara,Anggana,Sidomulyo,76131
Kalimantan Timur,Balikpapan,Balikpapan Barat,Marga Sari,76131
Kalimantan Timur,Balikpapan,Balikpapan Barat,Baru Ilir,76131
Kalimantan Timur,Balikpapan,Balikpapan Utara,Karang Joang,76127
Kalimantan Timur,Balikpapan,Balikpapan Utara,Gunung Samarinda Baru,76128
Kalimantan Timur,Balikpapan,Balikpapan Utara,Graha Indah,76129
Kalimantan Timur,Balikpapan,Balikpapan Utara,Gunung Samarinda,76125
Kalimantan Timur,Balikpapan,Balikpapan Utara,Muara Rapak,76125
Kalimantan Timur,Balikpapan,Balikpapan Tengah,Sumber Rejo,76124
Kalimantan Timur,Balikpapan,Balikpapan Tengah,Mekar Sari,76122
Kalimantan Timur,Balikpapan,Balikpapan Tengah,Gunung Sari Ilir,76121
Kalimantan Timur,Balikpapan,Balikpapan Timur,Lamaru,76117
Kalimantan Timur,Balikpapan,Balikpapan Timur,Teritip,76118
Kalimantan Timur,Balikpapan,Balikpapan Timur,Manggar Baru,76116
Kalimantan Timur,Balikpapan,Balikpapan Timur,Manggar,76116
Kalimantan Timur,Balikpapan,Balikpapan Selatan,Sepinggan,76115
Kalimantan Timur,Balikpapan,Balikpapan Selatan,Sepinggan Baru,76115
Kalimantan Timur,Balikpapan,Balikpapan Selatan,Sepinggan Raya,76115
Kalimantan Timur,Balikpapan,Balikpapan Selatan,Gunung Bahagia,76114
Kalimantan Timur,Balikpapan,Balikpapan Selatan,Sungai Nangka,76114
Kalimantan Timur,Balikpapan,Balikpapan Selatan,Damai Baru,76114
Kalimantan Timur,Balikpapan,Balikpapan Selatan,Damai Bahagia,76114
Kalimantan Timur,Balikpapan,Balikpapan Kota,Klandasan Ilir,76113
Kalimantan Timur,Balikpapan,Balikpapan Kota,Damai,76114
Kalimantan Timur,Balikpapan,Balikpapan Kota,Telaga Sari,76111
Kalimantan Timur,Balikpapan,Balikpapan Kota,Klandasan Ulu,76112
Kalimantan Timur,Kutai Barat,Long Hubung,Sirau,75779
Kalimantan Timur,Kutai Barat,Laham,Nyaribungan,75779
Kalimantan Timur,Kutai Barat,Long Hubung,Memahak Teboq,75779
Kalimantan Timur,Kutai Barat,Laham,Muara Ratah,75779
Kalimantan Timur,Kutai Barat,Long Hubung,Mata Libaq,75779
Kalimantan Timur,Kutai Barat,Long Hubung,Long Hubung,75779
Kalimantan Timur,Kutai Barat,Long Hubung,Lutan,75779
Kalimantan Timur,Kutai Barat,Laham,Long Gelawang,75779
Kalimantan Timur,Kutai Barat,Laham,Laham,75779
Kalimantan Timur,Kutai Barat,Long Hubung,Datah Bilang Ulu,75779
Kalimantan Timur,Kutai Barat,Long Hubung,Datah Bilang Ilir,75779
Kalimantan Timur,Kutai Barat,Laham,Danum Paroy/Paroi,75779
Kalimantan Timur,Kutai Barat,Long Hubung,Datah Bilang Baru,75779
Kalimantan Timur,Kutai Barat,Bentian Besar,Tuquk/Tukuq,75778
Kalimantan Timur,Kutai Barat,Bentian Besar,Suakong,75778
Kalimantan Timur,Kutai Barat,Bentian Besar,Tende,75778
Kalimantan Timur,Kutai Barat,Bentian Besar,Randa Empas,75778
Kalimantan Timur,Kutai Barat,Bentian Besar,Penarung,75778
Kalimantan Timur,Kutai Barat,Bentian Besar,Anan Jaya,75778
Kalimantan Timur,Kutai Barat,Damai,Sempatn,75777
Kalimantan Timur,Kutai Barat,Nyuatan,Temula,75777
Kalimantan Timur,Kutai Barat,Damai,Tepulang,75777
Kalimantan Timur,Kutai Barat,Nyuatan,Sembuan,75777
Kalimantan Timur,Kutai Barat,Damai,Muara Tokong,75777
Kalimantan Timur,Kutai Barat,Damai,Muara Nilik,75777
Kalimantan Timur,Kutai Barat,Damai,Muara Nyahing,75777
Kalimantan Timur,Kutai Barat,Damai,Mendika,75777
Kalimantan Timur,Kutai Barat,Damai,Muara Bomboy,75777
Kalimantan Timur,Kutai Barat,Damai,Lumpat Dahuq,75777
Kalimantan Timur,Kutai Barat,Damai,Mantar,75777
Kalimantan Timur,Kutai Barat,Damai,Keay,75777
Kalimantan Timur,Kutai Barat,Nyuatan,Jontai,75777
Kalimantan Timur,Kutai Barat,Damai,Jengan Danum,75777
Kalimantan Timur,Kutai Barat,Nyuatan,Intu Lingau,75777
Kalimantan Timur,Kutai Barat,Damai,Besiq (Besik),75777
Kalimantan Timur,Kutai Barat,Damai,Damai Kota,75777
Kalimantan Timur,Kutai Barat,Damai,Benung,75777
Kalimantan Timur,Kutai Barat,Barong Tongkok,Sumber Sari,75776
Kalimantan Timur,Kutai Barat,Nyuatan,Terajuk,75776
Kalimantan Timur,Kutai Barat,Barong Tongkok,Sendawar,75776
Kalimantan Timur,Kutai Barat,Barong Tongkok,Simpang Raya,75776
Kalimantan Timur,Kutai Barat,Nyuatan,Sentalar,75776
Kalimantan Timur,Kutai Barat,Barong Tongkok,Pepas Eheng,75776
Kalimantan Timur,Kutai Barat,Barong Tongkok,Pepas/Pepes Asa,75776
Kalimantan Timur,Kutai Barat,Barong Tongkok,Rejo Basuki,75776
Kalimantan Timur,Kutai Barat,Barong Tongkok,Ombau Asa,75776
Kalimantan Timur,Kutai Barat,Barong Tongkok,Ongko Asa,75776
Kalimantan Timur,Kutai Barat,Barong Tongkok,Muara Asa,75776
Kalimantan Timur,Kutai Barat,Barong Tongkok,Ngenyan Asa,75776
Kalimantan Timur,Kutai Barat,Nyuatan,Mu’ut,75776
Kalimantan Timur,Kutai Barat,Nyuatan,Lakan Bilem,75776
Kalimantan Timur,Kutai Barat,Barong Tongkok,Juaq Asa,75776
Kalimantan Timur,Kutai Barat,Barong Tongkok,Engkuni Pasek,75776
Kalimantan Timur,Kutai Barat,Barong Tongkok,Geleo Asa,75776
Kalimantan Timur,Kutai Barat,Barong Tongkok,Geleo Baru,75776
Kalimantan Timur,Kutai Barat,Barong Tongkok,Barong Tongkok,75776
Kalimantan Timur,Kutai Barat,Barong Tongkok,Belempung Ulaq,75776
Kalimantan Timur,Kutai Barat,Barong Tongkok,Balok Asa,75776
Kalimantan Timur,Kutai Barat,Nyuatan,Awai,75776
Kalimantan Timur,Kutai Barat,Barong Tongkok,Asa,75776
Kalimantan Timur,Kutai Barat,Muara Lawa,Payang,75775
Kalimantan Timur,Kutai Barat,Muara Lawa,Muara Begai,75775
Kalimantan Timur,Kutai Barat,Muara Lawa,Muara Lawa,75775
Kalimantan Timur,Kutai Barat,Muara Lawa,Lambing,75775
Kalimantan Timur,Kutai Barat,Muara Lawa,Lataq/Lotaq,75775
Kalimantan Timur,Kutai Barat,Muara Lawa,Cempedas,75775
Kalimantan Timur,Kutai Barat,Muara Lawa,Dingin,75775
Kalimantan Timur,Kutai Barat,Muara Lawa,Benggeris,75775
Kalimantan Timur,Kutai Barat,Muara Pahu,Tanjung Pagar,75774
Kalimantan Timur,Kutai Barat,Siluq Ngurai,Tebisaq,75774
Kalimantan Timur,Kutai Barat,Muara Pahu,Tanjung Laong,75774
Kalimantan Timur,Kutai Barat,Siluq Ngurai,Tanah Mea (Tana Mea),75774
Kalimantan Timur,Kutai Barat,Siluq Ngurai,Rikong,75774
Kalimantan Timur,Kutai Barat,Siluq Ngurai,Sang Sang (Sansang),75774
Kalimantan Timur,Kutai Barat,Muara Pahu,Sebelang,75774
Kalimantan Timur,Kutai Barat,Siluq Ngurai,Penawang,75774
Kalimantan Timur,Kutai Barat,Manor Bulatin (Mook Manaar Bulatn),Rembayan / Rambayan,75774
Kalimantan Timur,Kutai Barat,Siluq Ngurai,Muhur,75774
Kalimantan Timur,Kutai Barat,Siluq Ngurai,Muara Ponaq,75774
Kalimantan Timur,Kutai Barat,Siluq Ngurai,Muara Kelawit,75774
Kalimantan Timur,Kutai Barat,Manor Bulatin (Mook Manaar Bulatn),Muara Jawaq,75774
Kalimantan Timur,Kutai Barat,Muara Pahu,Muara Baroh,75774
Kalimantan Timur,Kutai Barat,Muara Pahu,Muara Beloan,75774
Kalimantan Timur,Kutai Barat,Muara Pahu,Mendung,75774
Kalimantan Timur,Kutai Barat,Siluq Ngurai,Lendian Liang Nayuk/Nayung,75774
Kalimantan Timur,Kutai Barat,Siluq Ngurai,Kendisiq,75774
Kalimantan Timur,Kutai Barat,Muara Pahu,Jerang Dayak,75774
Kalimantan Timur,Kutai Barat,Muara Pahu,Jerang Melayu,75774
Kalimantan Timur,Kutai Barat,Muara Pahu,Dasaq,75774
Kalimantan Timur,Kutai Barat,Muara Pahu,Gunung Bayan,75774
Kalimantan Timur,Kutai Barat,Siluq Ngurai,Bentas,75774
Kalimantan Timur,Kutai Barat,Siluq Ngurai,Betung,75774
Kalimantan Timur,Kutai Barat,Manor Bulatin (Mook Manaar Bulatn),Abit,75774
Kalimantan Timur,Kutai Barat,Jempang,Tanjung Jan,75773
Kalimantan Timur,Kutai Barat,Jempang,Tanjung Jone,75773
Kalimantan Timur,Kutai Barat,Jempang,Pulau Lanting,75773
Kalimantan Timur,Kutai Barat,Jempang,Tanjung Isuy,75773
Kalimantan Timur,Kutai Barat,Jempang,Muara Tae,75773
Kalimantan Timur,Kutai Barat,Jempang,Pentat,75773
Kalimantan Timur,Kutai Barat,Jempang,Perigiq,75773
Kalimantan Timur,Kutai Barat,Jempang,Mancong,75773
Kalimantan Timur,Kutai Barat,Jempang,Muara Nayan,75773
Kalimantan Timur,Kutai Barat,Bongan,Tanjung Sari,75772
Kalimantan Timur,Kutai Barat,Bongan,Tanjung Soke,75772
Kalimantan Timur,Kutai Barat,Bongan,Resak,75772
Kalimantan Timur,Kutai Barat,Bongan,Penawai,75772
Kalimantan Timur,Kutai Barat,Bongan,Pereng Talik,75772
Kalimantan Timur,Kutai Barat,Bongan,Muaram Siram I (Siram Makmur),75772
Kalimantan Timur,Kutai Barat,Bongan,Muaram Siram II (Siram Jaya),75772
Kalimantan Timur,Kutai Barat,Bongan,Muara Kedang,75772
Kalimantan Timur,Kutai Barat,Bongan,Muara Siram,75772
Kalimantan Timur,Kutai Barat,Bongan,Lemper,75772
Kalimantan Timur,Kutai Barat,Bongan,Muara Gusik,75772
Kalimantan Timur,Kutai Barat,Bongan,Jambuk Makmur,75772
Kalimantan Timur,Kutai Barat,Bongan,Jambuk,75772
Kalimantan Timur,Kutai Barat,Bongan,Bukit Harapan,75772
Kalimantan Timur,Kutai Barat,Bongan,Deraya,75772
Kalimantan Timur,Kutai Barat,Bongan,Gerunggung,75772
Kalimantan Timur,Kutai Barat,Long Apari,Tiong Ohang,75769
Kalimantan Timur,Kutai Barat,Long Apari,Naha Buan,75769
Kalimantan Timur,Kutai Barat,Long Apari,Noha Silat,75769
Kalimantan Timur,Kutai Barat,Long Apari,Long Kerioq/Keriok,75769
Kalimantan Timur,Kutai Barat,Long Apari,Long Penaneh Dua,75769
Kalimantan Timur,Kutai Barat,Long Apari,Long Penaneh Satu,75769
Kalimantan Timur,Kutai Barat,Long Apari,Long Apari,75769
Kalimantan Timur,Kutai Barat,Long Pahangai,Long Tuyoq,75768
Kalimantan Timur,Kutai Barat,Long Pahangai,Naha Aru,75768
Kalimantan Timur,Kutai Barat,Long Pahangai,Long Pakaq Baru,75768
Kalimantan Timur,Kutai Barat,Long Pahangai,Long Pahangai Satu,75768
Kalimantan Timur,Kutai Barat,Long Pahangai,Long Pakaq,75768
Kalimantan Timur,Kutai Barat,Long Pahangai,Long Lunuk,75768
Kalimantan Timur,Kutai Barat,Long Pahangai,Long Lunuk Baru,75768
Kalimantan Timur,Kutai Barat,Long Pahangai,Long Pahangai Dua,75768
Kalimantan Timur,Kutai Barat,Long Pahangai,Liu Mulang,75768
Kalimantan Timur,Kutai Barat,Long Pahangai,Long Isun,75768
Kalimantan Timur,Kutai Barat,Long Pahangai,Delang Kerohong,75768
Kalimantan Timur,Kutai Barat,Long Bagun,Mamahak Ulu,75767
Kalimantan Timur,Kutai Barat,Long Bagun,Rukun Damai,75767
Kalimantan Timur,Kutai Barat,Long Bagun,Long Merah,75767
Kalimantan Timur,Kutai Barat,Long Bagun,Mamahak Ilir,75767
Kalimantan Timur,Kutai Barat,Long Bagun,Long Hurai,75767
Kalimantan Timur,Kutai Barat,Long Bagun,Long Melaham,75767
Kalimantan Timur,Kutai Barat,Long Bagun,Long Bagun Ilir,75767
Kalimantan Timur,Kutai Barat,Long Bagun,Long Bagun Ulu,75767
Kalimantan Timur,Kutai Barat,Long Bagun,Batoq Kelo (Batu Kelau),75767
Kalimantan Timur,Kutai Barat,Long Bagun,Batu Majang,75767
Kalimantan Timur,Kutai Barat,Tering,Tukul,75766
Kalimantan Timur,Kutai Barat,Long Iram,Ujoh Halang,75766
Kalimantan Timur,Kutai Barat,Tering,Tering Baru,75766
Kalimantan Timur,Kutai Barat,Tering,Tering Lama,75766
Kalimantan Timur,Kutai Barat,Tering,Tering Seberang,75766
Kalimantan Timur,Kutai Barat,Tering,Tering,75766
Kalimantan Timur,Kutai Barat,Long Iram,Suko Mulyo,75766
Kalimantan Timur,Kutai Barat,Long Iram,Muara Leban,75766
Kalimantan Timur,Kutai Barat,Tering,Muara Mujan,75766
Kalimantan Timur,Kutai Barat,Tering,Muyub/Muyup Aket,75766
Kalimantan Timur,Kutai Barat,Long Iram,Longiram Seberang,75766
Kalimantan Timur,Kutai Barat,Long Iram,Long Iram Kota,75766
Kalimantan Timur,Kutai Barat,Long Iram,Long Daliq,75766
Kalimantan Timur,Kutai Barat,Long Iram,Long Iram Bayan,75766
Kalimantan Timur,Kutai Barat,Long Iram,Long Iram Ilir,75766
Kalimantan Timur,Kutai Barat,Tering,Kelubaq,75766
Kalimantan Timur,Kutai Barat,Tering,Kelian Dalam,75766
Kalimantan Timur,Kutai Barat,Long Iram,Keliway,75766
Kalimantan Timur,Kutai Barat,Tering,Jelemuq/Jelmuq,75766
Kalimantan Timur,Kutai Barat,Long Iram,Kalian Luar,75766
Kalimantan Timur,Kutai Barat,Long Iram,Anah,75766
Kalimantan Timur,Kutai Barat,Sekolaq Darat,Sumber Bangun,75765
Kalimantan Timur,Kutai Barat,Sekolaq Darat,Sumber Rejo,75765
Kalimantan Timur,Kutai Barat,Sekolaq Darat,Sekolaq Oday,75765
Kalimantan Timur,Kutai Barat,Sekolaq Darat,Sekolaq Darat,75765
Kalimantan Timur,Kutai Barat,Manor Bulatin (Mook Manaar Bulatn),Sakaq Tada,75765
Kalimantan Timur,Kutai Barat,Manor Bulatin (Mook Manaar Bulatn),Muara Kalaq,75765
Kalimantan Timur,Kutai Barat,Manor Bulatin (Mook Manaar Bulatn),Sakaq Lotoq,75765
Kalimantan Timur,Kutai Barat,Melak,Muara Benangaq,75765
Kalimantan Timur,Kutai Barat,Melak,Muara Bunyut,75765
Kalimantan Timur,Kutai Barat,Manor Bulatin (Mook Manaar Bulatn),Merayaq,75765
Kalimantan Timur,Kutai Barat,Manor Bulatin (Mook Manaar Bulatn),Muara Batuq,75765
Kalimantan Timur,Kutai Barat,Melak,Melak Ulu,75765
Kalimantan Timur,Kutai Barat,Melak,Melak Ilir,75765
Kalimantan Timur,Kutai Barat,Manor Bulatin (Mook Manaar Bulatn),Kelumpang,75765
Kalimantan Timur,Kutai Barat,Manor Bulatin (Mook Manaar Bulatn),Linggang Marimun,75765
Kalimantan Timur,Kutai Barat,Manor Bulatin (Mook Manaar Bulatn),Jengan,75765
Kalimantan Timur,Kutai Barat,Manor Bulatin (Mook Manaar Bulatn),Karangan,75765
Kalimantan Timur,Kutai Barat,Manor Bulatin (Mook Manaar Bulatn),Gemuruh,75765
Kalimantan Timur,Kutai Barat,Manor Bulatin (Mook Manaar Bulatn),Gunung Rampah,75765
Kalimantan Timur,Kutai Barat,Manor Bulatin (Mook Manaar Bulatn),Gadur,75765
Kalimantan Timur,Kutai Barat,Penyinggahan,Tanjung Haur,75763
Kalimantan Timur,Kutai Barat,Penyinggahan,Minta,75763
Kalimantan Timur,Kutai Barat,Penyinggahan,Penyinggahan Ilir,75763
Kalimantan Timur,Kutai Barat,Penyinggahan,Bakung,75763
Kalimantan Timur,Kutai Barat,Penyinggahan,Loa Deras,75763
Kalimantan Timur,Kutai Timur,Sandaran,Tadoan,75685
Kalimantan Timur,Kutai Timur,Sandaran,Tanjung Mangkalihat,75685
Kalimantan Timur,Kutai Timur,Sandaran,Susuk Dalam,75685
Kalimantan Timur,Kutai Timur,Sandaran,Susuk Luar,75685
Kalimantan Timur,Kutai Timur,Sandaran,Sandaran,75685
Kalimantan Timur,Kutai Timur,Sandaran,Manubar,75685
Kalimantan Timur,Kutai Timur,Sandaran,Marukangan,75685
Kalimantan Timur,Kutai Timur,Sangkulirang,Sempuyau (Sempayau),75684
Kalimantan Timur,Kutai Timur,Sangkulirang,Tanjung Manis,75684
Kalimantan Timur,Kutai Timur,Sangkulirang,Tepian Terap,75684
Kalimantan Timur,Kutai Timur,Sangkulirang,Perupuk,75684
Kalimantan Timur,Kutai Timur,Sangkulirang,Pulau Miang,75684
Kalimantan Timur,Kutai Timur,Sangkulirang,Mandu Dalam,75684
Kalimantan Timur,Kutai Timur,Sangkulirang,Pelawan,75684
Kalimantan Timur,Kutai Timur,Karangan,Mukti Lestari,75684
Kalimantan Timur,Kutai Timur,Sangkulirang,Maloy,75684
Kalimantan Timur,Kutai Timur,Sangkulirang,Mandau Pantai Sejahtera,75684
Kalimantan Timur,Kutai Timur,Sangkulirang,Kerayaan,75684
Kalimantan Timur,Kutai Timur,Sangkulirang,Kolek,75684
Kalimantan Timur,Kutai Timur,Karangan,Karangan Seberang,75684
Kalimantan Timur,Kutai Timur,Karangan,Karangan Dalam,75684
Kalimantan Timur,Kutai Timur,Karangan,Karangan Hilir,75684
Kalimantan Timur,Kutai Timur,Sangkulirang,Benua Baru Ulu,75684
Kalimantan Timur,Kutai Timur,Karangan,Batu Lepoq,75684
Kalimantan Timur,Kutai Timur,Sangkulirang,Benua Baru Ilir,75684
Kalimantan Timur,Kutai Timur,Karangan,Baay,75684
Kalimantan Timur,Kutai Timur,Sangatta Selatan,Teluk Singkam / Singkama,75683
Kalimantan Timur,Kutai Timur,Rantau Pulung,Tepian Makmur,75683
Kalimantan Timur,Kutai Timur,Teluk Pandan,Teluk Pandan,75683
Kalimantan Timur,Kutai Timur,Rantau Pulung,Tanjung Labu,75683
Kalimantan Timur,Kutai Timur,Teluk Pandan,Suka Damai,75683
Kalimantan Timur,Kutai Timur,Sangatta Selatan,Singa Geweh,75683
Kalimantan Timur,Kutai Timur,Sangatta Utara,Singa Gembara,75683
Kalimantan Timur,Kutai Timur,Sangatta Selatan,Sangkima,75683
Kalimantan Timur,Kutai Timur,Sangatta Selatan,Sangata Selatan,75683
Kalimantan Timur,Kutai Timur,Sangatta Utara,Sangatta Utara,75683
Kalimantan Timur,Kutai Timur,Rantau Pulung,Rantau Makmur,75683
Kalimantan Timur,Kutai Timur,Rantau Pulung,Mukti Jaya,75683
Kalimantan Timur,Kutai Timur,Rantau Pulung,Pulung Sari,75683
Kalimantan Timur,Kutai Timur,Rantau Pulung,Margo Mulyo,75683
Kalimantan Timur,Kutai Timur,Teluk Pandan,Martadinata,75683
Kalimantan Timur,Kutai Timur,Rantau Pulung,Kebon Agung,75683
Kalimantan Timur,Kutai Timur,Rantau Pulung,Manunggal Jaya,75683
Kalimantan Timur,Kutai Timur,Teluk Pandan,Kandolo,75683
Kalimantan Timur,Kutai Timur,Teluk Pandan,Danau Redan,75683
Kalimantan Timur,Kutai Timur,Long Mesangat (Mesengat),Sika Makmur,75656
Kalimantan Timur,Kutai Timur,Muara Ancalong,Muara Dun,75656
Kalimantan Timur,Kutai Timur,Long Mesangat (Mesengat),Mukti Utama,75656
Kalimantan Timur,Kutai Timur,Muara Ancalong,Long Tesak,75656
Kalimantan Timur,Kutai Timur,Long Mesangat (Mesengat),Melan,75656
Kalimantan Timur,Kutai Timur,Muara Ancalong,Long Nah,75656
Kalimantan Timur,Kutai Timur,Muara Ancalong,Kelinjau Ilir,75656
Kalimantan Timur,Kutai Timur,Muara Ancalong,Long Faq/Poq Baru,75656
Kalimantan Timur,Kutai Timur,Muara Ancalong,Gemar Baru,75656
Kalimantan Timur,Kutai Timur,Muara Wahau,Wana Sari,75655
Kalimantan Timur,Kutai Timur,Muara Wahau,Nehesliah Bing,75655
Kalimantan Timur,Kutai Timur,Muara Wahau,Wahau Baru,75655
Kalimantan Timur,Kutai Timur,Muara Wahau,Muara Wahau,75655
Kalimantan Timur,Kutai Timur,Muara Wahau,Long Wehea,75655
Kalimantan Timur,Kutai Timur,Muara Wahau,Karya Bakti,75655
Kalimantan Timur,Kutai Timur,Muara Wahau,Diaq Lay,75655
Kalimantan Timur,Kutai Timur,Muara Wahau,Jak Luay,75655
Kalimantan Timur,Kutai Timur,Muara Wahau,Benhes,75655
Kalimantan Timur,Kutai Timur,Long Mesangat (Mesengat),Sumber Agung,75654
Kalimantan Timur,Kutai Timur,Muara Bengkal,Mulupan,75654
Kalimantan Timur,Kutai Timur,Muara Bengkal,Ngayau,75654
Kalimantan Timur,Kutai Timur,Muara Bengkal,Senambah,75654
Kalimantan Timur,Kutai Timur,Muara Bengkal,Muara Bengkal Ilir,75654
Kalimantan Timur,Kutai Timur,Muara Bengkal,Muara Bengkal Ulu,75654
Kalimantan Timur,Kutai Timur,Batu Ampar,Mugi Rahayu,75654
Kalimantan Timur,Kutai Timur,Batu Ampar,Himba Lestari,75654
Kalimantan Timur,Kutai Timur,Batu Ampar,Mawai Indah,75654
Kalimantan Timur,Kutai Timur,Batu Ampar,Benua Harapan,75654
Kalimantan Timur,Kutai Timur,Muara Bengkal,Benua Baru,75654
Kalimantan Timur,Kutai Timur,Batu Ampar,Batu Timbau,75654
Kalimantan Timur,Kutai Timur,Muara Bengkal,Batu Balai,75654
Kalimantan Timur,Kutai Timur,Kaubun,Pengadan Baru,75619
Kalimantan Timur,Kutai Timur,Kaubun,Kadungan Jaya,75619
Kalimantan Timur,Kutai Timur,Kaubun,Mata Air,75619
Kalimantan Timur,Kutai Timur,Kaubun,Bumi Rapak,75619
Kalimantan Timur,Kutai Timur,Bengalon,Tepian Langsat,75618
Kalimantan Timur,Kutai Timur,Kaubun,Bukit Permata,75619
Kalimantan Timur,Kutai Timur,Bengalon,Tepian Baru,75618
Kalimantan Timur,Kutai Timur,Bengalon,Tepian Indah,75618
Kalimantan Timur,Kutai Timur,Bengalon,Sepaso Timur,75618
Kalimantan Timur,Kutai Timur,Bengalon,Tebangan Lebak/Lembak,75618
Kalimantan Timur,Kutai Timur,Bengalon,Sepaso Induk,75618
Kalimantan Timur,Kutai Timur,Bengalon,Sepaso Selatan,75618
Kalimantan Timur,Kutai Timur,Kaliorang,Selangkau,75618
Kalimantan Timur,Kutai Timur,Bengalon,Sepaso Barat,75618
Kalimantan Timur,Kutai Timur,Bengalon,Sekerat,75618
Kalimantan Timur,Kutai Timur,Bengalon,Keraitan,75618
Kalimantan Timur,Kutai Timur,Bengalon,Muara Bengalon,75618
Kalimantan Timur,Kutai Timur,Kaliorang,Citra Manunggal Jaya,75618
Kalimantan Timur,Kutai Timur,Kaliorang,Kaliorang,75618
Kalimantan Timur,Kutai Timur,Kaliorang,Bukit Makmur,75618
Kalimantan Timur,Kutai Timur,Kaliorang,Bumi Sejahtera,75618
Kalimantan Timur,Kutai Barat,Linggang Bigung,Tutuh (Tutung),75576
Kalimantan Timur,Kutai Barat,Linggang Bigung,Melapeh Baru,75576
Kalimantan Timur,Kutai Barat,Linggang Bigung,Linggang Mapan,75576
Kalimantan Timur,Kutai Barat,Linggang Bigung,Linggang Melapeh,75576
Kalimantan Timur,Kutai Barat,Linggang Bigung,Linggang Mencelew,75576
Kalimantan Timur,Kutai Barat,Linggang Bigung,Linggang Bigung,75576
Kalimantan Timur,Kutai Barat,Linggang Bigung,Linggang Kebut,75576
Kalimantan Timur,Kutai Barat,Linggang Bigung,Bigung Baru,75576
Kalimantan Timur,Kutai Barat,Linggang Bigung,Linggang Amer,75576
Kalimantan Timur,Kutai Barat,Linggang Bigung,Bangun Sari,75576
Kalimantan Timur,Kutai Kartanegara,Tenggarong Seberang,Teluk Dalam,75572
Kalimantan Timur,Kutai Kartanegara,Tenggarong Seberang,Tanjung Batu,75572
Kalimantan Timur,Kutai Kartanegara,Tenggarong Seberang,Sukamaju,75572
Kalimantan Timur,Kutai Kartanegara,Tenggarong Seberang,Mulawarman,75572
Kalimantan Timur,Kutai Kartanegara,Tenggarong Seberang,Perjiwa,75572
Kalimantan Timur,Kutai Kartanegara,Tenggarong Seberang,Separi,75572
Kalimantan Timur,Kutai Kartanegara,Tenggarong Seberang,Loa Ulung,75572
Kalimantan Timur,Kutai Kartanegara,Tenggarong Seberang,Loa Raya,75572
Kalimantan Timur,Kutai Kartanegara,Tenggarong Seberang,Kerta Buana,75572
Kalimantan Timur,Kutai Kartanegara,Tenggarong Seberang,Bukit Raya,75572
Kalimantan Timur,Kutai Kartanegara,Tenggarong Seberang,Embalut,75572
Kalimantan Timur,Kutai Kartanegara,Tenggarong Seberang,Karang Tunggal,75572
Kalimantan Timur,Kutai Kartanegara,Tenggarong Seberang,Bukit Pariaman,75572
Kalimantan Timur,Kutai Kartanegara,Tenggarong Seberang,Buana Jaya,75572
Kalimantan Timur,Kutai Kartanegara,Tenggarong Seberang,Bangun Rejo,75572
Kalimantan Timur,Kutai Kartanegara,Loa Kulu,Sepakat,75571
Kalimantan Timur,Kutai Kartanegara,Loa Kulu,Sumber Sari,75571
Kalimantan Timur,Kutai Kartanegara,Loa Kulu,Sei/Sungai Payang,75571
Kalimantan Timur,Kutai Kartanegara,Loa Kulu,Ponoragan,75571
Kalimantan Timur,Kutai Kartanegara,Loa Kulu,Rempanga,75571
Kalimantan Timur,Kutai Kartanegara,Loa Kulu,Lung Anai,75571
Kalimantan Timur,Kutai Kartanegara,Loa Kulu,Margahayu (Marga Rahayu),75571
Kalimantan Timur,Kutai Kartanegara,Loa Kulu,Loa Kulu Kota,75571
Kalimantan Timur,Kutai Kartanegara,Loa Kulu,Loh Sumber,75571
Kalimantan Timur,Kutai Kartanegara,Loa Kulu,Jonggon,75571
Kalimantan Timur,Kutai Kartanegara,Loa Kulu,Jembayan,75571
Kalimantan Timur,Kutai Kartanegara,Loa Kulu,Jembayan Dalam,75571
Kalimantan Timur,Kutai Kartanegara,Kenohan,Tuana Tuha,75564
Kalimantan Timur,Kutai Kartanegara,Kenohan,Tubuhan,75564
Kalimantan Timur,Kutai Kartanegara,Kenohan,Semayang,75564
Kalimantan Timur,Kutai Kartanegara,Kenohan,Teluk Bingkai,75564
Kalimantan Timur,Kutai Kartanegara,Kenohan,Teluk Muda,75564
Kalimantan Timur,Kutai Kartanegara,Kenohan,Lamin Pulut,75564
Kalimantan Timur,Kutai Kartanegara,Kenohan,Lamin Telihan,75564
Kalimantan Timur,Kutai Kartanegara,Kenohan,Kahala,75564
Kalimantan Timur,Kutai Kartanegara,Kenohan,Kahala Ilir,75564
Kalimantan Timur,Kutai Kartanegara,Muara Muntai,Rebaq Rinding,75562
Kalimantan Timur,Kutai Kartanegara,Muara Muntai,Tanjung Batuq Harapan,75562
Kalimantan Timur,Kutai Kartanegara,Muara Muntai,Perian,75562
Kalimantan Timur,Kutai Kartanegara,Muara Muntai,Pulau Harapan,75562
Kalimantan Timur,Kutai Kartanegara,Muara Muntai,Muara Muntai Ilir,75562
Kalimantan Timur,Kutai Kartanegara,Muara Muntai,Jantur Selatan,75562
Kalimantan Timur,Kutai Kartanegara,Muara Muntai,Kayu Batu,75562
Kalimantan Timur,Kutai Kartanegara,Muara Muntai,Jantur,75562
Kalimantan Timur,Kutai Kartanegara,Muara Muntai,Jantur Baru,75562
Kalimantan Timur,Kutai Kartanegara,Muara Muntai,Batuq,75562
Kalimantan Timur,Kutai Kartanegara,Kota Bangun,Sukabumi,75561
Kalimantan Timur,Kutai Kartanegara,Kota Bangun,Sumber Sari,75561
Kalimantan Timur,Kutai Kartanegara,Kota Bangun,Wonosari,75561
Kalimantan Timur,Kutai Kartanegara,Kota Bangun,Sebelimbingan,75561
Kalimantan Timur,Kutai Kartanegara,Kota Bangun,Sedulang,75561
Kalimantan Timur,Kutai Kartanegara,Kota Bangun,Sangkuliman,75561
Kalimantan Timur,Kutai Kartanegara,Kota Bangun,Sarinadi,75561
Kalimantan Timur,Kutai Kartanegara,Kota Bangun,Pela,75561
Kalimantan Timur,Kutai Kartanegara,Kota Bangun,Loleng,75561
Kalimantan Timur,Kutai Kartanegara,Kota Bangun,Muhuran,75561
Kalimantan Timur,Kutai Kartanegara,Kota Bangun,Kota Bangun Ulu,75561
Kalimantan Timur,Kutai Kartanegara,Kota Bangun,Liang Ilir,75561
Kalimantan Timur,Kutai Kartanegara,Kota Bangun,Kota Bangun II (2),75561
Kalimantan Timur,Kutai Kartanegara,Kota Bangun,Kota Bangun III (3),75561
Kalimantan Timur,Kutai Kartanegara,Kota Bangun,Kedang Murung,75561
Kalimantan Timur,Kutai Kartanegara,Kota Bangun,Kota Bangun I (1),75561
Kalimantan Timur,Kutai Kartanegara,Kota Bangun,Kedang Ipil,75561
Kalimantan Timur,Kutai Kartanegara,Kota Bangun,Benua Baru,75561
Kalimantan Timur,Kutai Kartanegara,Muara Wis,Muara Wis,75559
Kalimantan Timur,Kutai Kartanegara,Muara Wis,Sebemban,75559
Kalimantan Timur,Kutai Kartanegara,Muara Wis,Melintang,75559
Kalimantan Timur,Kutai Kartanegara,Muara Wis,Muara Enggelam,75559
Kalimantan Timur,Kutai Kartanegara,Muara Wis,Lebak Cilong,75559
Kalimantan Timur,Kutai Kartanegara,Muara Wis,Lebak Mantan,75559
Kalimantan Timur,Kutai Kartanegara,Muara Wis,Enggelam,75559
Kalimantan Timur,Kutai Kartanegara,Tabang,Umaq Bekuay/Bekuai,75558
Kalimantan Timur,Kutai Kartanegara,Tabang,Umaq Dian,75558
Kalimantan Timur,Kutai Kartanegara,Tabang,Umaq Tukung,75558
Kalimantan Timur,Kutai Kartanegara,Tabang,Tabang Lama,75558
Kalimantan Timur,Kutai Kartanegara,Tabang,Muara Tiq,75558
Kalimantan Timur,Kutai Kartanegara,Tabang,Muara Tuboq,75558
Kalimantan Timur,Kutai Kartanegara,Tabang,Muara Ritan,75558
Kalimantan Timur,Kutai Kartanegara,Tabang,Muara Salung,75558
Kalimantan Timur,Kutai Kartanegara,Tabang,Muara Kebaq,75558
Kalimantan Timur,Kutai Kartanegara,Tabang,Muara Pedohon,75558
Kalimantan Timur,Kutai Kartanegara,Tabang,Long Lalang,75558
Kalimantan Timur,Kutai Kartanegara,Tabang,Muara Belinau,75558
Kalimantan Timur,Kutai Kartanegara,Tabang,Gunung Sari,75558
Kalimantan Timur,Kutai Kartanegara,Tabang,Kampung Baru,75558
Kalimantan Timur,Kutai Kartanegara,Tabang,Bila Talang,75558
Kalimantan Timur,Kutai Kartanegara,Tabang,Buluk Sen,75558
Kalimantan Timur,Kutai Kartanegara,Kembang Janggut,Pulau Pinang,75557
Kalimantan Timur,Kutai Kartanegara,Kembang Janggut,Muai,75557
Kalimantan Timur,Kutai Kartanegara,Kembang Janggut,Perdana,75557
Kalimantan Timur,Kutai Kartanegara,Kembang Janggut,Long Beleh Modang,75557
Kalimantan Timur,Kutai Kartanegara,Kembang Janggut,Long Beleh Haloq,75557
Kalimantan Timur,Kutai Kartanegara,Kembang Janggut,Kelekat,75557
Kalimantan Timur,Kutai Kartanegara,Kembang Janggut,Bukit Layang,75557
Kalimantan Timur,Kutai Kartanegara,Kembang Janggut,Genting Tanah,75557
Kalimantan Timur,Kutai Timur,Busang,Mekar Baru,75556
Kalimantan Timur,Kutai Timur,Busang,Rantau Sentosa,75556
Kalimantan Timur,Kutai Timur,Busang,Long Nyelong,75556
Kalimantan Timur,Kutai Timur,Busang,Long Pejeng,75556
Kalimantan Timur,Kutai Timur,Busang,Long Bentuk,75556
Kalimantan Timur,Kutai Timur,Busang,Long Lees,75556
Kalimantan Timur,Kutai Timur,Muara Ancalong,Kelinjau Ulu,75556
Kalimantan Timur,Kutai Timur,Kongbeng,Sri Pantun,75555
Kalimantan Timur,Kutai Timur,Kongbeng,Suka Maju,75555
Kalimantan Timur,Kutai Timur,Telen,Rantau Panjang,75555
Kalimantan Timur,Kutai Timur,Kongbeng,Sidomulyo,75555
Kalimantan Timur,Kutai Timur,Telen,Muara Pantun,75555
Kalimantan Timur,Kutai Timur,Kongbeng,Miau Baru,75555
Kalimantan Timur,Kutai Timur,Telen,Marah Haloq,75555
Kalimantan Timur,Kutai Timur,Telen,Long Noran,75555
Kalimantan Timur,Kutai Timur,Telen,Long Segar,75555
Kalimantan Timur,Kutai Timur,Telen,Juk Ayak,75555
Kalimantan Timur,Kutai Timur,Kongbeng,Kongbeng Indah,75555
Kalimantan Timur,Kutai Kartanegara,Muara Kaman,Tunjungan,75553
Kalimantan Timur,Kutai Kartanegara,Muara Kaman,Sido Mukti,75553
Kalimantan Timur,Kutai Kartanegara,Muara Kaman,Teratak,75553
Kalimantan Timur,Kutai Kartanegara,Muara Kaman,Sedulang,75553
Kalimantan Timur,Kutai Kartanegara,Muara Kaman,Rantau Hempang,75553
Kalimantan Timur,Kutai Kartanegara,Muara Kaman,Sabintulung,75553
Kalimantan Timur,Kutai Kartanegara,Muara Kaman,Puan Cepak,75553
Kalimantan Timur,Kutai Kartanegara,Muara Kaman,Muara Siran,75553
Kalimantan Timur,Kutai Kartanegara,Muara Kaman,Panca Jaya,75553
Kalimantan Timur,Kutai Kartanegara,Muara Kaman,Muara Kaman Ilir,75553
Kalimantan Timur,Kutai Kartanegara,Muara Kaman,Muara Kaman Ulu,75553
Kalimantan Timur,Kutai Kartanegara,Muara Kaman,Liang Buaya,75553
Kalimantan Timur,Kutai Kartanegara,Muara Kaman,Menamang Kanan,75553
Kalimantan Timur,Kutai Kartanegara,Muara Kaman,Bunga Jadi,75553
Kalimantan Timur,Kutai Kartanegara,Muara Kaman,Cipari Makmur,75553
Kalimantan Timur,Kutai Kartanegara,Muara Kaman,Benua Puhun,75553
Kalimantan Timur,Kutai Kartanegara,Muara Kaman,Bukit Jering,75553
Kalimantan Timur,Kutai Kartanegara,Sebulu,Sumber Sari,75552
Kalimantan Timur,Kutai Kartanegara,Sebulu,Tanjung Harapan,75552
Kalimantan Timur,Kutai Kartanegara,Sebulu,Selerong,75552
Kalimantan Timur,Kutai Kartanegara,Sebulu,Senoni,75552
Kalimantan Timur,Kutai Kartanegara,Sebulu,Sebulu Ulu,75552
Kalimantan Timur,Kutai Kartanegara,Sebulu,Segihan,75552
Kalimantan Timur,Kutai Kartanegara,Sebulu,Sebulu Ilir,75552
Kalimantan Timur,Kutai Kartanegara,Sebulu,Sebulu Modern,75552
Kalimantan Timur,Kutai Kartanegara,Sebulu,Mekar Jaya,75552
Kalimantan Timur,Kutai Kartanegara,Sebulu,Sanggulan,75552
Kalimantan Timur,Kutai Kartanegara,Sebulu,Giri Agung,75552
Kalimantan Timur,Kutai Kartanegara,Sebulu,Manunggal Daya,75552
Kalimantan Timur,Kutai Kartanegara,Sebulu,Beloro,75552
Kalimantan Timur,Kutai Kartanegara,Tenggarong,Loa Ipuh,75513
Kalimantan Timur,Kutai Kartanegara,Tenggarong,Panji,75514
Kalimantan Timur,Kutai Kartanegara,Tenggarong,Timbau,75511
Kalimantan Timur,Kutai Kartanegara,Tenggarong,Melayu,75512
Kalimantan Timur,Kutai Kartanegara,Tenggarong,Maluhu,75511
Kalimantan Timur,Kutai Kartanegara,Tenggarong,Rapak Lambur,75511
Kalimantan Timur,Kutai Kartanegara,Tenggarong,Jahab,75511
Kalimantan Timur,Kutai Kartanegara,Tenggarong,Loa Ipuh Darat,75511
Kalimantan Timur,Kutai Kartanegara,Tenggarong,Loa Tebu,75511
Kalimantan Timur,Kutai Kartanegara,Tenggarong,Bendang Raya,75511
Kalimantan Timur,Kutai Kartanegara,Tenggarong,Bukit Biru,75511
Kalimantan Timur,Kutai Kartanegara,Loa Janan,Tani Harapan,75391
Kalimantan Timur,Kutai Kartanegara,Tenggarong,Baru (Kampung Baru),75511
Kalimantan Timur,Kutai Kartanegara,Loa Janan,Purwajaya,75391
Kalimantan Timur,Kutai Kartanegara,Loa Janan,Tani Bakti,75391
Kalimantan Timur,Kutai Kartanegara,Loa Janan,Loa Janan Ulu,75391
Kalimantan Timur,Kutai Kartanegara,Loa Janan,Loa Duri Ilir,75391
Kalimantan Timur,Kutai Kartanegara,Marang Kayu,Semangkok,75385
Kalimantan Timur,Kutai Kartanegara,Marang Kayu,Santan Tengah,75385
Kalimantan Timur,Kutai Kartanegara,Marang Kayu,Santan Ulu,75385
Kalimantan Timur,Kutai Kartanegara,Marang Kayu,Sebuntal,75385
Kalimantan Timur,Kutai Kartanegara,Marang Kayu,Santan Ilir,75385
Kalimantan Timur,Kutai Kartanegara,Marang Kayu,Sambera Baru,75385
Kalimantan Timur,Kutai Kartanegara,Marang Kayu,Makarti,75385
Kalimantan Timur,Kutai Kartanegara,Marang Kayu,Perangat Baru,75385
Kalimantan Timur,Kutai Kartanegara,Marang Kayu,Perangat Selatan,75385
Kalimantan Timur,Kutai Kartanegara,Marang Kayu,Kersik,75385
Kalimantan Timur,Kutai Kartanegara,Marang Kayu,Bunga Putih,75385
Kalimantan Timur,Bontang,Bontang Barat,Telihan (Gunung Telihan),75383
Kalimantan Timur,Kutai Kartanegara,Muara Badak,Tanjung Limau,75382
Kalimantan Timur,Bontang,Bontang Barat,Kanaan,75383
Kalimantan Timur,Kutai Kartanegara,Muara Badak,Suka Damai,75382
Kalimantan Timur,Kutai Kartanegara,Muara Badak,Tanah Datar,75382
Kalimantan Timur,Kutai Kartanegara,Muara Badak,Sei/Sungai Bawang,75382
Kalimantan Timur,Kutai Kartanegara,Muara Badak,Muara Badak Ulu,75382
Kalimantan Timur,Kutai Kartanegara,Muara Badak,Gas Alam Badak I,75382
Kalimantan Timur,Kutai Kartanegara,Muara Badak,Muara Badak Ilir,75382
Kalimantan Timur,Kutai Kartanegara,Muara Badak,Badak Mekar,75382
Kalimantan Timur,Kutai Kartanegara,Muara Badak,Batu Batu,75382
Kalimantan Timur,Kutai Kartanegara,Muara Badak,Badak Baru,75382
Kalimantan Timur,Kutai Kartanegara,Anggana,Tani Baru,75381
Kalimantan Timur,Kutai Kartanegara,Anggana,Muara Pantuan,75381
Kalimantan Timur,Kutai Kartanegara,Anggana,Sei/Sungai Meriam,75381
Kalimantan Timur,Kutai Kartanegara,Anggana,Sepatin,75381
Kalimantan Timur,Kutai Kartanegara,Anggana,Handil Terusan,75381
Kalimantan Timur,Kutai Kartanegara,Anggana,Kutai Lama,75381
Kalimantan Timur,Bontang,Bontang Selatan,Tanjung Laut Indah,75325
Kalimantan Timur,Kutai Kartanegara,Anggana,Anggana,75381
Kalimantan Timur,Bontang,Bontang Selatan,Berebas Pantai (Berbas Pantai),75325
Kalimantan Timur,Bontang,Bontang Selatan,Berebas Tengah (Berbas Tengah),75325
Kalimantan Timur,Bontang,Bontang Selatan,Bontang Lestari,75325
Kalimantan Timur,Bontang,Bontang Utara,Loktuan (Lok Tuan),75314
Kalimantan Timur,Bontang,Bontang Barat,Belimbing,75313
Kalimantan Timur,Bontang,Bontang Utara,Bontang Kuala,75312
Kalimantan Timur,Bontang,Bontang Utara,Bontang Baru,75311
Kalimantan Timur,Bontang,Bontang Utara,Gunung Elai,75311
Kalimantan Timur,Bontang,Bontang Utara,Api-Api,75311
Kalimantan Timur,Kutai Kartanegara,Samboja (Semboja),Handil Baru,75279
Kalimantan Timur,Kutai Kartanegara,Samboja (Semboja),Muara Sembilang,75279
Kalimantan Timur,Kutai Kartanegara,Samboja (Semboja),Wonotirto,75276
Kalimantan Timur,Kutai Kartanegara,Samboja (Semboja),Samboja Kuala,75277
Kalimantan Timur,Kutai Kartanegara,Samboja (Semboja),Kampung Lama,75276
Kalimantan Timur,Kutai Kartanegara,Samboja (Semboja),Tanjung Harapan,75276
Kalimantan Timur,Kutai Kartanegara,Samboja (Semboja),Handil Baru Darat,75276
Kalimantan Timur,Kutai Kartanegara,Samboja (Semboja),Ambarawang Darat,75274
Kalimantan Timur,Kutai Kartanegara,Samboja (Semboja),Ambarawang Laut,75274
Kalimantan Timur,Kutai Kartanegara,Samboja (Semboja),Teluk Pemedas,75271
Kalimantan Timur,Kutai Kartanegara,Samboja (Semboja),Margomulyo,75273
Kalimantan Timur,Kutai Kartanegara,Samboja (Semboja),Salok Api Darat,75271
Kalimantan Timur,Kutai Kartanegara,Samboja (Semboja),Salok Api Laut,75271
Kalimantan Timur,Kutai Kartanegara,Samboja (Semboja),Sanipah,75271
Kalimantan Timur,Kutai Kartanegara,Samboja (Semboja),Karya Jaya,75271
Kalimantan Timur,Kutai Kartanegara,Samboja (Semboja),Karya Merdeka,75271
Kalimantan Timur,Kutai Kartanegara,Samboja (Semboja),Bukit Merdeka,75271
Kalimantan Timur,Kutai Kartanegara,Samboja (Semboja),Bukit Raya,75271
Kalimantan Timur,Kutai Kartanegara,Samboja (Semboja),Beringin Agung,75271
Kalimantan Timur,Kutai Kartanegara,Samboja (Semboja),Argosari,75271
Kalimantan Timur,Kutai Kartanegara,Muara Jawa,Muara Kembang,75267
Kalimantan Timur,Kutai Kartanegara,Muara Jawa,Dondang,75265
Kalimantan Timur,Kutai Kartanegara,Muara Jawa,Tamapole,75266
Kalimantan Timur,Kutai Kartanegara,Muara Jawa,Muara Jawa Ilir,75263
Kalimantan Timur,Kutai Kartanegara,Muara Jawa,Muara Jawa Pesisir,75263
Kalimantan Timur,Kutai Kartanegara,Muara Jawa,Muara Jawa Tengah,75264
Kalimantan Timur,Kutai Kartanegara,Muara Jawa,Muara Jawa Ulu,75261
Kalimantan Timur,Kutai Kartanegara,Muara Jawa,Teluk Dalam,75262
Kalimantan Timur,Kutai Kartanegara,Sanga-Sanga,Sanga-Sanga Dalam,75254
Kalimantan Timur,Kutai Kartanegara,Sanga-Sanga,Jawa,75251
Kalimantan Timur,Kutai Kartanegara,Sanga-Sanga,Sanga-Sanga Muara,75251
Kalimantan Timur,Samarinda,Palaran,Rawa Makmur,75243
Kalimantan Timur,Samarinda,Palaran,Simpang Pasir,75243
Kalimantan Timur,Samarinda,Palaran,Handil Bakti,75242
Kalimantan Timur,Samarinda,Palaran,Bukuan,75241
Kalimantan Timur,Samarinda,Samarinda Seberang,Mesjid,75133
Kalimantan Timur,Samarinda,Loa Janan Ilir,Tani Aman,75131
Kalimantan Timur,Samarinda,Loa Janan Ilir,Sengkotek,75131
Kalimantan Timur,Samarinda,Loa Janan Ilir,Simpang Tiga (Loa Janan Ilir),75131
Kalimantan Timur,Samarinda,Samarinda Seberang,Sei/Sungai Keledang,75131
Kalimantan Timur,Samarinda,Loa Janan Ilir,Rapak Dalam,75131
Kalimantan Timur,Samarinda,Samarinda Seberang,Baqa/Baka/Rapak Dalam,75131
Kalimantan Timur,Samarinda,Loa Janan Ilir,Harapan Baru,75131
Kalimantan Timur,Samarinda,Samarinda Ulu,Teluk Lerong Ilir,75128
Kalimantan Timur,Samarinda,Sungai Kunjang,Loa Buah,75126
