Propinsi,Kota/Kab.,Kecamatan,Kelurahan,Kode Pos
Maluku,Ambon,Nusaniwe (Nusanive),Nusaniwe,97117
Maluku,Ambon,Nusaniwe (Nusanive),Amahusu,97117
Maluku,Ambon,Nusaniwe (Nusanive),Wainitu (Wainatu),97115
Maluku,Kepulauan Aru,Aru Selatan Utara,Rebi,97668
Maluku,Kepulauan Aru,Aru Selatan Utara,Tabarfane,97668
Maluku,Kepulauan Aru,Aru Selatan Utara,Juring,97668
Maluku,Kepulauan Aru,Aru Selatan Utara,Rebi,97668
Maluku,Kepulauan Aru,Aru Selatan Utara,Tabarfane,97668
Maluku,Kepulauan Aru,Aru Selatan Utara,Juring,97668
Maluku,Kepulauan Aru,Aru Selatan,Doka Timur,97667
Maluku,Kepulauan Aru,Aru Selatan,Doka Barat,97667
Maluku,Kepulauan Aru,Aru Selatan Timur,Siya,97666
Maluku,Kepulauan Aru,Aru Tengah Timur,Ponom,97665
Maluku,Kepulauan Aru,Aru Tengah,Papakula,97665
Maluku,Kepulauan Aru,Aru Tengah,Namara,97665
Maluku,Kepulauan Aru,Aru Tengah,Jirlay,97665
Maluku,Kepulauan Aru,Aru Tengah Selatan,Jambu Air,97665
Maluku,Kepulauan Aru,Aru Tengah,Irloy,97665
Maluku,Kepulauan Aru,Sir-Sir,Gomsey,97664
Maluku,Kepulauan Aru,Sir-Sir,Berdefan,97664
Maluku,Kepulauan Aru,Sir-Sir,Goda Goda,97664
Maluku,Kepulauan Aru,Aru Utara,Tasin Waha,97662
Maluku,Kepulauan Aru,Pulau-Pulau Aru,Siwalima,97662
Maluku,Kepulauan Aru,Aru Utara,Selmona,97662
Maluku,Maluku Tenggara,Kei Besar,Yamtel,97661
Maluku,Maluku Tenggara,Kei Besar,Wermaf,97661
Maluku,Maluku Tenggara,Kei Besar,Wulurat,97661
Maluku,Maluku Tenggara,Kei Besar Utara Barat,Uwat,97661
Maluku,Maluku Tenggara,Kei Besar Utara Barat,Uwat Reyaan,97661
Maluku,Maluku Tenggara,Kei Besar Utara Timur,Ur,97661
Maluku,Maluku Tenggara,Kei Besar Utara Timur,Renfaan Islam,97661
Maluku,Maluku Tenggara,Kei Besar,Rahareng,97661
Maluku,Maluku Tenggara,Kei Besar Selatan Barat,Rahangiar,97661
Maluku,Maluku Tenggara,Kei Besar,Ngefuit Atas,97661
Maluku,Maluku Tenggara,Kei Besar,Ngat,97661
Maluku,Maluku Tenggara,Kei Besar,Ngefuit,97661
Maluku,Maluku Tenggara,Kei Besar,Karkarit,97661
Maluku,Maluku Tenggara,Kei Besar Utara Barat,Hoor Kristen,97661
Maluku,Maluku Tenggara,Kei Besar Utara Barat,Hoor Islam,97661
Maluku,Maluku Tenggara,Kei Besar,Fangamas,97661
Maluku,Maluku Tenggara,Kei Besar Utara Barat,Faa,97661
Maluku,Maluku Tenggara,Kei Besar,Elralang,97661
Maluku,Tual,Kur Selatan,Warkar,97652
Maluku,Maluku Barat Daya,Pulau-Pulau Babar Timur,Tutuwawang,97652
Maluku,Maluku Barat Daya,Dawelor Dawera,Wairatan (Wiratan/Wiratang),97652
Maluku,Maluku Barat Daya,Mdona Hyera/Hiera,Mahaleta,97652
Maluku,Maluku Barat Daya,Mdona Hyera/Hiera,Luang Barat,97652
Maluku,Tual,Pulau-Pulau Kur,Lokwirin,97652
Maluku,Tual,Kur Selatan,Hirit,97652
Maluku,Tual,Pulau-Pulau Kur,Finualen,97652
Maluku,Maluku Barat Daya,Pulau-Pulau Babar Timur,Emplawas (Empalwas),97652
Maluku,Maluku Tenggara,Kei Kecil Barat,Somlain,97615
Maluku,Maluku Tenggara,Kei Kecil Timur Selatan,Sare,97615
Maluku,Maluku Tenggara,Kei Kecil Timur,Semawi,97615
Maluku,Maluku Tenggara,Kei Kecil Timur Selatan,Elaar Ngursoin,97615
Maluku,Maluku Tenggara,Kei Kecil Timur Selatan,Elaar Lamagorang,97615
Maluku,Maluku Tenggara,Kei Kecil Timur Selatan,Elaar Let,97615
Maluku,Tual,Pulau Dullah Utara,Tamedan,97611
Maluku,Tual,Pulau Tayando Tam,Tam Ngurhir,97611
Maluku,Tual,Pulau Dullah Selatan,Taar,97611
Maluku,Maluku Tenggara,Manyeuw,Namar,97611
Maluku,Maluku Tenggara,Hoat Sorbay,Madwat,97611
Maluku,Tual,Pulau Dullah Selatan,Masrum,97611
Maluku,Maluku Tenggara,Hoat Sorbay,Dian Pulau,97611
Maluku,Maluku Tenggara,Manyeuw,Debut,97611
Maluku,Maluku Tenggara,Hoat Sorbay,Dian Darat,97611
Maluku,Seram Bagian Timur,Siritaun Wida Timur,Air Nanang,97598
Maluku,Seram Bagian Timur,Teor,Lapang Kampung Jawa,97597
Maluku,Seram Bagian Timur,Teor,Mamur,97597
Maluku,Seram Bagian Timur,Gorom Timur,Basarin,97596
Maluku,Seram Bagian Timur,Gorom Timur,Bas,97596
Maluku,Seram Bagian Timur,Gorom Timur,Armada,97596
Maluku,Seram Bagian Timur,Pulau Gorong (Gorom),Kelibingan,97595
Maluku,Seram Bagian Timur,Pulau Gorong (Gorom),Kulugowa,97595
Maluku,Seram Bagian Timur,Wakate,Keldor,97595
Maluku,Seram Bagian Timur,Tutuk Tolu,Sesar,97594
Maluku,Seram Bagian Timur,Kilmury,Selor,97594
Maluku,Seram Bagian Timur,Kian Darat,Rumoga,97594
Maluku,Seram Bagian Timur,Seram Timur,Keffing,97594
Maluku,Seram Bagian Timur,Kilmury,Kamar,97594
Maluku,Seram Bagian Timur,Kilmury,Gunak,97594
Maluku,Maluku Tengah,Banda,Merdeka,97593
Maluku,Maluku Tengah,Banda,Nusantara,97593
Maluku,Maluku Tengah,Banda,Kampung Baru,97593
Maluku,Maluku Tengah,Saparua,Booi,97592
Maluku,Maluku Tengah,Pulau Haruku,Wassu,97591
Maluku,Maluku Tengah,Pulau Haruku,Pelauw,97591
Maluku,Maluku Tengah,Leihitu,Seith,97581
Maluku,Maluku Tengah,Leihitu,Ureng,97581
Maluku,Maluku Tengah,Leihitu,Negeri Lima,97581
Maluku,Buru Selatan,Waesama,Wamsisi,97574
Maluku,Buru Selatan,Waesama,Waeteba (Waetaba),97574
Maluku,Buru,Waeapo,Waetele,97574
Maluku,Buru Selatan,Waesama,Pohon Batu,97574
Maluku,Buru,Waeapo,Savana Jaya,97574
Maluku,Buru,Waelata,Parbulu,97574
Maluku,Buru,Batabual,Batu Jungku,97574
Maluku,Buru,Waelata,Basalale,97574
Maluku,Buru Selatan,Leksula,Wewali,97573
Maluku,Buru Selatan,Fena Fafan,Uneth,97573
Maluku,Buru Selatan,Namrole,Tikbary,97573
Maluku,Buru Selatan,Leksula,Tifu,97573
Maluku,Buru Selatan,Leksula,Kase,97573
Maluku,Buru Selatan,Namrole,Fatmite,97573
Maluku,Buru Selatan,Leksula,Grahwaen,97573
Maluku,Buru,Fena Leisela,Waemite,97572
Maluku,Buru,Fena Leisela,Waekose,97572
Maluku,Buru Selatan,Kepala Madan,Waeha,97572
Maluku,Buru,Airbuaya,Bara,97572
Maluku,Buru,Fena Leisela,Balbalu,97572
Maluku,Buru Selatan,Kepala Madan,Air Ternate,97572
Maluku,Buru,Namlea,Namlea,97571
Maluku,Buru,Namlea,Lala,97571
Maluku,Buru,Waplau,Lamahang,97571
Maluku,Seram Bagian Barat,Kepulauan Manipa,Buano Hatuputih,97567
Maluku,Seram Bagian Barat,Huamual Belakang (Waisala),Alang Asaude,97567
Maluku,Seram Bagian Barat,Elpaputih,Watuy (Watui),97566
Maluku,Seram Bagian Barat,Kairatu Barat,Nuruwe (Nurue),97566
Maluku,Seram Bagian Barat,Inamosol,Manusa,97566
Maluku,Seram Bagian Barat,Kairatu Barat,Lohiatala,97566
Maluku,Seram Bagian Barat,Huamual,Kulur,97562
Maluku,Seram Bagian Barat,Seram Barat,Kaibobo (Kaibobu),97562
Maluku,Seram Bagian Barat,Seram Barat,Kawa,97562
Maluku,Seram Bagian Barat,Taniwel,Pasinalo,97561
Maluku,Seram Bagian Barat,Taniwel,Nukuhai,97561
Maluku,Seram Bagian Barat,Taniwel,Nuniali,97561
Maluku,Maluku Tengah,Teon Nila Serua,Waru,97558
Maluku,Maluku Tengah,Teon Nila Serua,Watludan,97558
Maluku,Maluku Tengah,Teon Nila Serua,Wotay,97558
Maluku,Maluku Tengah,Seram Utara Timur Seti,Waiputih,97557
Maluku,Maluku Tengah,Seram Utara Timur Seti,Waitila,97557
Maluku,Maluku Tengah,Seram Utara Timur Seti,Wailoping,97557
Maluku,Maluku Tengah,Seram Utara Timur Kobi,Marasahua,97557
Maluku,Maluku Tengah,Seram Utara Timur Kobi,Morokai (Morokay),97557
Maluku,Maluku Tengah,Seram Utara Timur Kobi,Maneo Rendah,97557
Maluku,Maluku Tengah,Seram Utara,Air Besar,97557
Maluku,Seram Bagian Timur,Bula,Bula,97555
Maluku,Seram Bagian Timur,Werinama,Werinama,97554
Maluku,Seram Bagian Timur,Werinama,Osong,97554
Maluku,Seram Bagian Timur,Teluk Waru,Nama Lena,97554
Maluku,Seram Bagian Timur,Siwalalat,Nayet,97554
Maluku,Seram Bagian Timur,Siwalalat,Dihil,97554
Maluku,Seram Bagian Timur,Siwalalat,Elnusa,97554
Maluku,Seram Bagian Timur,Bula,Bula Air Fatolo,97554
Maluku,Maluku Tengah,Tehoru,Salamahu,97553
Maluku,Maluku Tengah,Tehoru,Saunulu,97553
Maluku,Maluku Tengah,Telutih,Maneo Ratu,97553
Maluku,Maluku Tengah,Amahai,Sehati,97516
Maluku,Maluku Tengah,Amahai,Sepa,97516
Maluku,Maluku Tengah,Amahai,Makariki,97516
Maluku,Maluku Tengah,Nusalaut,Sila,97511
Maluku,Maluku Tengah,Nusalaut,Titawai (Titawaai),97511
Maluku,Maluku Tengah,Masohi Kota,Namaelo,97511
Maluku,Maluku Tenggara Barat,Tanimbar Selatan,Matakus,97464
Maluku,Maluku Tenggara Barat,Wermakatian (Wer Maktian),Makatiang,97464
Maluku,Maluku Tenggara Barat,Wermakatian (Wer Maktian),Marantutul,97464
Maluku,Maluku Tenggara Barat,Wuarlabobar,Watmasa,97463
Maluku,Maluku Tenggara Barat,Tanimbar Utara,Watidal,97463
Maluku,Maluku Tenggara Barat,Yaru,Walerang,97463
Maluku,Maluku Tenggara Barat,Tanimbar Utara,Lelingluan,97463
Maluku,Maluku Tenggara Barat,Tanimbar Utara,Lamdesar Barat,97463
Maluku,Maluku Tenggara Barat,Tanimbar Utara,Lamdesar Timur,97463
Maluku,Maluku Barat Daya,Pulau Lakor,Yamluli,97454
Maluku,Maluku Barat Daya,Pulau Pulau Terselatan,Wonreli,97454
Maluku,Maluku Barat Daya,Moa Lakor,Werwaru,97454
Maluku,Maluku Barat Daya,Wetar Utara,Naumatang,97454
Maluku,Maluku Barat Daya,Wetar Utara,Nabar,97454
Maluku,Maluku Barat Daya,Moa Lakor,Moain,97454
Maluku,Maluku Barat Daya,Kepulauan Romang,Jerusu,97454
Maluku,Maluku Barat Daya,Wetar Timur,Ilway,97454
Maluku,Maluku Barat Daya,Wetar,Ilputih,97454
Maluku,Maluku Tenggara Barat,Selaru,Eliasa,97453
Maluku,Maluku Barat Daya,Pulau Pulau Babar,Yaltubung,97452
Maluku,Maluku Barat Daya,Pulau Pulau Babar,Wanuwui (Manuwui),97452
Maluku,Ambon,Leitimur Selatan,Rutong,97237
Maluku,Ambon,Leitimur Selatan,Hutumuri,97237
Maluku,Ambon,Teluk Ambon,Laha,97236
Maluku,Ambon,Nusaniwe (Nusanive),Kudamati,97116
Maluku,Ambon,Nusaniwe (Nusanive),Urimessing (Urimesing) Desa,97113
Maluku,Ambon,Nusaniwe (Nusanive),Urimessing (Urimesing) Kelurahan,97113
Maluku,Ambon,Nusaniwe (Nusanive),Mangga Dua,97114
Maluku,Ambon,Nusaniwe (Nusanive),Silale,97111
Maluku,Ambon,Nusaniwe (Nusanive),Waihaong,97112
Maluku,Kepulauan Aru,Aru Selatan Utara,Lutur,97668
Maluku,Kepulauan Aru,Aru Selatan Utara,Maekor,97668
Maluku,Kepulauan Aru,Aru Selatan Utara,Erersin,97668
Maluku,Kepulauan Aru,Aru Selatan Utara,Hokmar,97668
Maluku,Kepulauan Aru,Aru Selatan,Popjetur,97667
Maluku,Kepulauan Aru,Aru Selatan,Ngaibor,97667
Maluku,Kepulauan Aru,Aru Selatan,Ngaiguli,97667
Maluku,Kepulauan Aru,Aru Selatan,Lor-lor,97667
Maluku,Kepulauan Aru,Aru Selatan,Marfenfen (Marafenfen),97667
Maluku,Kepulauan Aru,Aru Selatan,Kalar-Kalar,97667
Maluku,Kepulauan Aru,Aru Selatan,Laininir,97667
Maluku,Kepulauan Aru,Aru Selatan,Jerol,97667
Maluku,Kepulauan Aru,Aru Selatan,Kabalukin,97667
Maluku,Kepulauan Aru,Aru Selatan,Gaimar,97667
Maluku,Kepulauan Aru,Aru Selatan,Jelia,97667
Maluku,Kepulauan Aru,Aru Selatan,Fatural,97667
Maluku,Kepulauan Aru,Aru Selatan,Feruni,97667
Maluku,Kepulauan Aru,Aru Selatan Utara,Lutur,97668
Maluku,Kepulauan Aru,Aru Selatan Utara,Maekor,97668
Maluku,Kepulauan Aru,Aru Selatan Utara,Erersin,97668
Maluku,Kepulauan Aru,Aru Selatan Utara,Hokmar,97668
Maluku,Kepulauan Aru,Aru Selatan,Popjetur,97667
Maluku,Kepulauan Aru,Aru Selatan,Ngaibor,97667
Maluku,Kepulauan Aru,Aru Selatan,Ngaiguli,97667
Maluku,Kepulauan Aru,Aru Selatan,Lor-lor,97667
Maluku,Kepulauan Aru,Aru Selatan,Marfenfen (Marafenfen),97667
Maluku,Kepulauan Aru,Aru Selatan,Kalar-Kalar,97667
Maluku,Kepulauan Aru,Aru Selatan,Laininir,97667
Maluku,Kepulauan Aru,Aru Selatan,Jerol,97667
Maluku,Kepulauan Aru,Aru Selatan,Kabalukin,97667
Maluku,Kepulauan Aru,Aru Selatan,Gaimar,97667
Maluku,Kepulauan Aru,Aru Selatan,Jelia,97667
Maluku,Kepulauan Aru,Aru Selatan,Fatural,97667
Maluku,Kepulauan Aru,Aru Selatan,Feruni,97667
Maluku,Kepulauan Aru,Aru Selatan Timur,Meror,97666
Maluku,Kepulauan Aru,Aru Selatan Timur,Salarem,97666
Maluku,Kepulauan Aru,Aru Selatan Timur,Jorang,97666
Maluku,Kepulauan Aru,Aru Selatan Timur,Karey,97666
Maluku,Kepulauan Aru,Aru Selatan Timur,Gomarmeti,97666
Maluku,Kepulauan Aru,Aru Selatan Timur,Gomarsungai,97666
Maluku,Kepulauan Aru,Aru Selatan Timur,Dosimar,97666
Maluku,Kepulauan Aru,Aru Selatan Timur,Beltubur,97666
Maluku,Kepulauan Aru,Aru Selatan Timur,Batugoyang,97666
Maluku,Kepulauan Aru,Aru Tengah Timur,Warloy,97665
Maluku,Kepulauan Aru,Aru Tengah Timur,Warjukur,97665
Maluku,Kepulauan Aru,Aru Tengah Selatan,Warabal,97665
Maluku,Kepulauan Aru,Aru Tengah,Wakua,97665
Maluku,Kepulauan Aru,Aru Tengah Timur,Wailay,97665
Maluku,Kepulauan Aru,Aru Tengah,Tanah Miring,97665
Maluku,Kepulauan Aru,Aru Tengah,Selilau,97665
Maluku,Kepulauan Aru,Aru Tengah,Selibata-Bata,97665
Maluku,Kepulauan Aru,Aru Tengah,Murai,97665
Maluku,Kepulauan Aru,Aru Tengah Selatan,Mesiang,97665
Maluku,Kepulauan Aru,Aru Tengah,Maririmar,97665
Maluku,Kepulauan Aru,Aru Tengah,Manjau,97665
Maluku,Kepulauan Aru,Aru Tengah Timur,Mariri,97665
Maluku,Kepulauan Aru,Aru Tengah,Lorang,97665
Maluku,Kepulauan Aru,Aru Tengah,Maijuring,97665
Maluku,Kepulauan Aru,Aru Tengah,Kwarbola,97665
Maluku,Kepulauan Aru,Aru Tengah Selatan,Longgar,97665
Maluku,Kepulauan Aru,Aru Tengah Timur,Lola,97665
Maluku,Kepulauan Aru,Aru Tengah Timur,Koijabi,97665
Maluku,Kepulauan Aru,Aru Tengah,Kobasel Timur,97665
Maluku,Kepulauan Aru,Aru Tengah Timur,Kobror,97665
Maluku,Kepulauan Aru,Aru Tengah,Kobasel Fara,97665
Maluku,Kepulauan Aru,Aru Tengah,Kobadangar,97665
Maluku,Kepulauan Aru,Aru Tengah Timur,Kaiwabar,97665
Maluku,Kepulauan Aru,Aru Tengah Timur,Karawai (Karawain),97665
Maluku,Kepulauan Aru,Aru Tengah,Gulili,97665
Maluku,Kepulauan Aru,Aru Tengah Selatan,Gomo Gomo,97665
Maluku,Kepulauan Aru,Aru Tengah,Fatlabata,97665
Maluku,Kepulauan Aru,Aru Tengah,Gardakau,97665
Maluku,Kepulauan Aru,Aru Tengah Timur,Dosinamalau,97665
Maluku,Kepulauan Aru,Aru Tengah,Benjina,97665
Maluku,Kepulauan Aru,Aru Tengah Selatan,Bemun,97665
Maluku,Kepulauan Aru,Aru Tengah Timur,Balatan,97665
Maluku,Kepulauan Aru,Aru Tengah Timur,Basada,97665
Maluku,Kepulauan Aru,Aru Tengah Selatan,Apara,97665
Maluku,Kepulauan Aru,Aru Tengah,Algadang,97665
Maluku,Kepulauan Aru,Sir-Sir,Waiful (Waifual),97664
Maluku,Kepulauan Aru,Sir-Sir,Mohongsel,97664
Maluku,Kepulauan Aru,Sir-Sir,Wafan,97664
Maluku,Kepulauan Aru,Sir-Sir,Langhalau,97664
Maluku,Kepulauan Aru,Sir-Sir,Leiting,97664
Maluku,Kepulauan Aru,Sir-Sir,Kolaha,97664
Maluku,Kepulauan Aru,Aru Utara Timur Batuley,Sewer,97663
Maluku,Kepulauan Aru,Aru Utara Timur Batuley,Waria,97663
Maluku,Kepulauan Aru,Aru Utara Timur Batuley,Kompane,97663
Maluku,Kepulauan Aru,Aru Utara Timur Batuley,Kumul,97663
Maluku,Kepulauan Aru,Aru Utara Timur Batuley,Jursiang,97663
Maluku,Kepulauan Aru,Aru Utara Timur Batuley,Kabalsiang,97663
Maluku,Kepulauan Aru,Aru Utara Timur Batuley,Kobamar,97663
Maluku,Kepulauan Aru,Aru Utara Timur Batuley,Batulei (Batuley),97663
Maluku,Kepulauan Aru,Aru Utara Timur Batuley,Benjuring,97663
Maluku,Kepulauan Aru,Pulau-Pulau Aru,Wokam,97662
Maluku,Kepulauan Aru,Aru Utara,Wahayum / Wahayun,97662
Maluku,Kepulauan Aru,Aru Utara,Warialau,97662
Maluku,Kepulauan Aru,Pulau-Pulau Aru,Wangel,97662
Maluku,Kepulauan Aru,Pulau-Pulau Aru,Ujir,97662
Maluku,Kepulauan Aru,Aru Utara,Wahangulangula,97662
Maluku,Kepulauan Aru,Pulau-Pulau Aru,Tungu,97662
Maluku,Kepulauan Aru,Pulau-Pulau Aru,Tunguwatu,97662
Maluku,Kepulauan Aru,Pulau-Pulau Aru,Nafar (Napar),97662
Maluku,Kepulauan Aru,Pulau-Pulau Aru,Samang,97662
Maluku,Kepulauan Aru,Aru Utara,Marlasi,97662
Maluku,Kepulauan Aru,Aru Utara,Mesidang,97662
Maluku,Kepulauan Aru,Pulau-Pulau Aru,Lau-Lau,97662
Maluku,Kepulauan Aru,Aru Utara,Kolamar,97662
Maluku,Kepulauan Aru,Pulau-Pulau Aru,Kobraur,97662
Maluku,Kepulauan Aru,Aru Utara,Kaibolafin,97662
Maluku,Kepulauan Aru,Pulau-Pulau Aru,Karangguli,97662
Maluku,Kepulauan Aru,Aru Utara,Jerwatu,97662
Maluku,Kepulauan Aru,Aru Utara,Kabufin,97662
Maluku,Kepulauan Aru,Pulau-Pulau Aru,Jabulenga,97662
Maluku,Kepulauan Aru,Pulau-Pulau Aru,Galai Dubu,97662
Maluku,Kepulauan Aru,Pulau-Pulau Aru,Gorar,97662
Maluku,Kepulauan Aru,Aru Utara,Foket,97662
Maluku,Kepulauan Aru,Pulau-Pulau Aru,Durjela,97662
Maluku,Maluku Tenggara,Kei Besar Utara Timur,Yamtimur,97661
Maluku,Maluku Tenggara,Kei Besar Utara Barat,Weer Ohoiker,97661
Maluku,Maluku Tenggara,Kei Besar Utara Barat,Weer Ohoinam,97661
Maluku,Maluku Tenggara,Kei Besar,Werka,97661
Maluku,Maluku Tenggara,Kei Besar Utara Barat,Weer Frawaf,97661
Maluku,Maluku Tenggara,Kei Besar,Waurtahait,97661
Maluku,Maluku Tenggara,Kei Besar Selatan Barat,Weduar Feer,97661
Maluku,Maluku Tenggara,Kei Besar Selatan,Weduar,97661
Maluku,Maluku Tenggara,Kei Besar,Watuar,97661
Maluku,Maluku Tenggara,Kei Besar,Waur,97661
Maluku,Maluku Tenggara,Kei Besar,Watsin,97661
Maluku,Maluku Tenggara,Kei Besar Utara Timur,Watlar,97661
Maluku,Maluku Tenggara,Kei Besar Selatan Barat,Watkidat,97661
Maluku,Maluku Tenggara,Kei Besar Selatan Barat,Wafol,97661
Maluku,Maluku Tenggara,Kei Besar,Wakol,97661
Maluku,Maluku Tenggara,Kei Besar Utara Barat,Waerat,97661
Maluku,Maluku Tenggara,Kei Besar Utara Barat,Uwat Wear,97661
Maluku,Maluku Tenggara,Kei Besar Utara Barat,Waer,97661
Maluku,Maluku Tenggara,Kei Besar Selatan Barat,Uat,97661
Maluku,Maluku Tenggara,Kei Besar Selatan,Tutrean,97661
Maluku,Maluku Tenggara,Kei Besar,Udar,97661
Maluku,Maluku Tenggara,Kei Besar Utara Timur,Tuburlay,97661
Maluku,Maluku Tenggara,Kei Besar Utara Timur,Tuburngil,97661
Maluku,Maluku Tenggara,Kei Besar Selatan,Tamangil Nuhuten,97661
Maluku,Maluku Tenggara,Kei Besar Selatan,Tamangil Nuhuyanat,97661
Maluku,Maluku Tenggara,Kei Besar Selatan,Soindat,97661
Maluku,Maluku Tenggara,Kei Besar Utara Timur,Soin,97661
Maluku,Maluku Tenggara,Kei Besar,Soinrat,97661
Maluku,Maluku Tenggara,Kei Besar Selatan,Sether (Sather),97661
Maluku,Maluku Tenggara,Kei Besar,Sirbante,97661
Maluku,Maluku Tenggara,Kei Besar,Reyamru,97661
Maluku,Maluku Tenggara,Kei Besar Selatan Barat,Rerean,97661
Maluku,Maluku Tenggara,Kei Besar Utara Timur,Renfan (Renfaan),97661
Maluku,Maluku Tenggara,Kei Besar Utara Timur,Renfaan GPM,97661
Maluku,Maluku Tenggara,Kei Besar,Rahareng Atas,97661
Maluku,Maluku Tenggara,Kei Besar,Ohoiwang,97661
Maluku,Maluku Tenggara,Kei Besar Utara Timur,Ohoiwirin,97661
Maluku,Maluku Tenggara,Kei Besar,Ohoiwait,97661
Maluku,Maluku Tenggara,Kei Besar Utara Barat,Ohoituf,97661
Maluku,Maluku Tenggara,Kei Besar Utara Timur,Ohoiraut,97661
Maluku,Maluku Tenggara,Kei Besar Selatan,Ohoirenan,97661
Maluku,Maluku Tenggara,Kei Besar,Ohoinangan,97661
Maluku,Maluku Tenggara,Kei Besar,Ohoinangan,97661
Maluku,Maluku Tenggara,Kei Besar Utara Timur,Ohoimajang,97661
Maluku,Maluku Tenggara,Kei Besar,Ohoilim,97661
Maluku,Maluku Tenggara,Kei Besar Selatan Barat,Ohoilean,97661
Maluku,Maluku Tenggara,Kei Besar Utara Timur,Ohoifaruan,97661
Maluku,Maluku Tenggara,Kei Besar Utara Timur,Ohoifau,97661
Maluku,Maluku Tenggara,Kei Besar Utara Barat,Ngurwalek,97661
Maluku,Maluku Tenggara,Kei Besar,Ohoiel,97661
Maluku,Maluku Tenggara,Kei Besar Selatan Barat,Ngurko,97661
Maluku,Maluku Tenggara,Kei Besar,Ngurdu,97661
Maluku,Maluku Tenggara,Kei Besar Selatan Barat,Ngan,97661
Maluku,Maluku Tenggara,Kei Besar Selatan Barat,Ngafan,97661
Maluku,Maluku Tenggara,Kei Besar Selatan,Nerong,97661
Maluku,Maluku Tenggara,Kei Besar Utara Barat,Mun Werfan,97661
Maluku,Maluku Tenggara,Kei Besar,Nabaheng,97661
Maluku,Maluku Tenggara,Kei Besar Utara Barat,Mun Ohoitadium,97661
Maluku,Maluku Tenggara,Kei Besar Utara Barat,Mun Ohoiir,97661
Maluku,Maluku Tenggara,Kei Besar Utara Barat,Mun Ngurditwain,97661
Maluku,Maluku Tenggara,Kei Besar Utara Barat,Mun Kahar,97661
Maluku,Maluku Tenggara,Kei Besar Utara Barat,Mun Essoy,97661
Maluku,Maluku Tenggara,Kei Besar,Ler Ohoilim,97661
Maluku,Maluku Tenggara,Kei Besar,Mataholat,97661
Maluku,Maluku Tenggara,Kei Besar Selatan,Larat,97661
Maluku,Maluku Tenggara,Kei Besar Utara Timur,Langgiar Haar,97661
Maluku,Maluku Tenggara,Kei Besar Utara Barat,Laar Perda,97661
Maluku,Maluku Tenggara,Kei Besar Selatan,Kilwat,97661
Maluku,Maluku Tenggara,Kei Besar Utara Timur,Kilwair,97661
Maluku,Maluku Tenggara,Kei Besar Utara Timur,Hollay,97661
Maluku,Maluku Tenggara,Kei Besar Utara Timur,Hollat Solair,97661
Maluku,Maluku Tenggara,Kei Besar Utara Timur,Hoko,97661
Maluku,Maluku Tenggara,Kei Besar Utara Timur,Hollat,97661
Maluku,Maluku Tenggara,Kei Besar Selatan Barat,Hoko,97661
Maluku,Maluku Tenggara,Kei Besar Selatan Barat,Hoat,97661
Maluku,Maluku Tenggara,Kei Besar,Harangur,97661
Maluku,Maluku Tenggara,Kei Besar Utara Barat,Hangur,97661
Maluku,Maluku Tenggara,Kei Besar Utara Timur,Haar Wassar,97661
Maluku,Maluku Tenggara,Kei Besar Utara Timur,Haar Renrahantel,97661
Maluku,Maluku Tenggara,Kei Besar Utara Timur,Haar Ohoiwait,97661
Maluku,Maluku Tenggara,Kei Besar Utara Timur,Haar Ohoimur RK,97661
Maluku,Maluku Tenggara,Kei Besar Utara Timur,Haar Ohoimur GPM,97661
Maluku,Maluku Tenggara,Kei Besar Utara Timur,Haar Ohoimel,97661
Maluku,Maluku Tenggara,Kei Besar Selatan Barat,Feer,97661
Maluku,Maluku Tenggara,Kei Besar Utara Timur,Fanwav,97661
Maluku,Maluku Tenggara,Kei Besar,Fako,97661
Maluku,Maluku Tenggara,Kei Besar Utara Barat,Dangarat,97661
Maluku,Maluku Tenggara,Kei Besar,Depur,97661
Maluku,Maluku Tenggara,Kei Besar,Elat,97661
Maluku,Maluku Tenggara,Kei Besar,Bombay,97661
Maluku,Maluku Tenggara,Kei Besar,Daftel,97661
Maluku,Maluku Tenggara,Kei Besar Utara Timur,Banda Suku Tigapuluh,97661
Maluku,Maluku Tenggara,Kei Besar Utara Timur,Banda Efruan,97661
Maluku,Maluku Tenggara,Kei Besar Utara Timur,Banda Eli/Ely,97661
Maluku,Maluku Tenggara,Kei Besar Utara Barat,Ad Ohoiwaf,97661
Maluku,Maluku Tenggara,Kei Besar Utara Barat,Ad Wearaur,97661
Maluku,Maluku Tenggara,Kei Besar Utara Barat,Ad Ngurwul,97661
Maluku,Maluku Barat Daya,Pulau-Pulau Babar Timur,Yatoke,97652
Maluku,Tual,Kur Selatan,Yapas,97652
Maluku,Maluku Barat Daya,Damer,Wulur,97652
Maluku,Maluku Barat Daya,Dawelor Dawera,Watuwey (Watuwei),97652
Maluku,Maluku Barat Daya,Dawelor Dawera,Welora,97652
Maluku,Maluku Barat Daya,Pulau-Pulau Babar Timur,Wakpapapi,97652
Maluku,Tual,Kur Selatan,Tiflean,97652
Maluku,Tual,Pulau-Pulau Kur,Tubyal,97652
Maluku,Maluku Barat Daya,Mdona Hyera/Hiera,Rotnama,97652
Maluku,Maluku Barat Daya,Pulau Masela,Serili,97652
Maluku,Maluku Barat Daya,Pulau Masela,Telalora – Letoda,97652
Maluku,Tual,Kur Selatan,Romoin,97652
Maluku,Maluku Barat Daya,Mdona Hyera/Hiera,Romkisar,97652
Maluku,Maluku Barat Daya,Mdona Hyera/Hiera,Pupioliora,97652
Maluku,Maluku Barat Daya,Mdona Hyera/Hiera,Regoha,97652
Maluku,Maluku Barat Daya,Mdona Hyera/Hiera,Romdara,97652
Maluku,Maluku Barat Daya,Dawelor Dawera,Nurnyaman,97652
Maluku,Maluku Barat Daya,Pulau Masela,Nura,97652
Maluku,Maluku Barat Daya,Pulau-Pulau Babar Timur,Nakarhamto,97652
Maluku,Maluku Barat Daya,Pulau Masela,Marsela,97652
Maluku,Tual,Kur Selatan,Mangur Niela,97652
Maluku,Maluku Barat Daya,Pulau-Pulau Babar Timur,Manuweri (Manuari),97652
Maluku,Maluku Barat Daya,Mdona Hyera/Hiera,Luang Timur,97652
Maluku,Maluku Barat Daya,Dawelor Dawera,Letmasa,97652
Maluku,Maluku Barat Daya,Pulau-Pulau Babar Timur,Letwurung,97652
Maluku,Maluku Barat Daya,Mdona Hyera/Hiera,Lelang,97652
Maluku,Maluku Barat Daya,Pulau Masela,Latalola Kecil,97652
Maluku,Maluku Barat Daya,Pulau Masela,Lawawang,97652
Maluku,Maluku Barat Daya,Damer,Kumur,97652
Maluku,Maluku Barat Daya,Pulau Masela,Latalola Besar,97652
Maluku,Maluku Barat Daya,Damer,Kuay Melu,97652
Maluku,Maluku Barat Daya,Pulau-Pulau Babar Timur,Kroing,97652
Maluku,Maluku Barat Daya,Damer,Kehli,97652
Maluku,Maluku Barat Daya,Pulau-Pulau Babar Timur,Kokwari,97652
Maluku,Tual,Kur Selatan,Kanara,97652
Maluku,Tual,Pulau-Pulau Kur,Kaimear,97652
Maluku,Maluku Barat Daya,Dawelor Dawera,Ilmarang,97652
Maluku,Maluku Barat Daya,Damer,Ilih,97652
Maluku,Maluku Barat Daya,Pulau Masela,Ilbutung,97652
Maluku,Maluku Barat Daya,Pulau Masela,Iblatmuntah,97652
Maluku,Maluku Barat Daya,Pulau Masela,Bululora,97652
Maluku,Maluku Barat Daya,Mdona Hyera/Hiera,Elo,97652
Maluku,Maluku Barat Daya,Mdona Hyera/Hiera,Batu Gajah,97652
Maluku,Maluku Barat Daya,Damer,Bebar Timur,97652
Maluku,Maluku Barat Daya,Pulau Masela,Babyotang (Babiotang),97652
Maluku,Maluku Barat Daya,Pulau-Pulau Babar Timur,Ahanari,97652
Maluku,Maluku Barat Daya,Pulau-Pulau Babar Timur,Analutur,97652
Maluku,Maluku Tenggara,Kei Kecil Barat,Yatwav,97615
Maluku,Maluku Tenggara,Kei Kecil Timur,Yafavun,97615
Maluku,Maluku Tenggara,Kei Kecil Timur,Watngon,97615
Maluku,Maluku Tenggara,Kei Kecil Barat,Warbal,97615
Maluku,Maluku Tenggara,Kei Kecil Timur,Wain Baru,97615
Maluku,Maluku Tenggara,Kei Kecil Barat,Ur Pulau,97615
Maluku,Maluku Tenggara,Kei Kecil Timur,Wain,97615
Maluku,Maluku Tenggara,Kei Kecil Timur Selatan,Uf,97615
Maluku,Maluku Tenggara,Kei Kecil Timur,Tenbuk,97615
Maluku,Maluku Tenggara,Kei Kecil Barat,Tanimbar Kei,97615
Maluku,Maluku Tenggara,Kei Kecil Timur,Revav (Rewav),97615
Maluku,Maluku Tenggara,Kei Kecil Timur,Rumat,97615
Maluku,Maluku Tenggara,Kei Kecil Timur,Raat,97615
Maluku,Maluku Tenggara,Kei Kecil Barat,Ohoiren,97615
Maluku,Maluku Tenggara,Kei Kecil Timur,Ohoinol,97615
Maluku,Maluku Tenggara,Kei Kecil Barat,Ohoira,97615
Maluku,Maluku Tenggara,Kei Kecil Timur,Ohoilus,97615
Maluku,Maluku Tenggara,Kei Kecil Barat,Ohoidertutu,97615
Maluku,Maluku Tenggara,Kei Kecil Timur Selatan,Ngurwul,97615
Maluku,Maluku Tenggara,Kei Kecil Barat,Ohoidertom,97615
Maluku,Maluku Tenggara,Kei Kecil Barat,Matwair (Madwaer),97615
Maluku,Maluku Tenggara,Kei Kecil Timur,Mastur,97615
Maluku,Maluku Tenggara,Kei Kecil Timur,Mastur,97615
Maluku,Maluku Tenggara,Kei Kecil Timur,Marfun,97615
Maluku,Maluku Tenggara,Kei Kecil Timur Selatan,Maar,97615
Maluku,Maluku Tenggara,Kei Kecil Timur,Iso,97615
Maluku,Maluku Tenggara,Kei Kecil Timur Selatan,Garara,97615
Maluku,Maluku Tenggara,Kei Kecil Timur,Denwet,97615
Maluku,Maluku Tenggara,Kei Kecil Timur,Disuk,97615
Maluku,Maluku Tenggara,Kei Kecil Timur Selatan,Danar Ohoiseb,97615
Maluku,Maluku Tenggara,Kei Kecil Timur Selatan,Danar Ternate,97615
Maluku,Maluku Tenggara,Kei Kecil Timur,Abean,97615
Maluku,Maluku Tenggara,Kei Kecil Timur Selatan,Danar Lumefar,97615
Maluku,Maluku Tenggara,Hoat Sorbay,Wirin,97611
Maluku,Maluku Tenggara,Kei Kecil,Wearlilir,97611
Maluku,Maluku Tenggara,Hoat Sorbay,Watngil,97611
Maluku,Maluku Tenggara,Hoat Sorbay,Wab,97611
Maluku,Maluku Tenggara,Hoat Sorbay,Warwut,97611
Maluku,Tual,Pulau Dullah Selatan,Tual,97611
Maluku,Maluku Tenggara,Hoat Sorbay,Tetoat,97611
Maluku,Tual,Pulau Tayando Tam,Tayando Ohoiel,97611
Maluku,Tual,Pulau Tayando Tam,Tayando Yamru,97611
Maluku,Tual,Pulau Tayando Tam,Tayando Yamtel,97611
Maluku,Tual,Pulau Tayando Tam,Tayando Langgiar,97611
Maluku,Maluku Tenggara,Kei Kecil,Sitniohoi,97611
Maluku,Maluku Tenggara,Manyeuw,Selayar,97611
Maluku,Maluku Tenggara,Kei Kecil,Sathean,97611
Maluku,Maluku Tenggara,Manyeuw,Rumadian,97611
Maluku,Tual,Pulau Dullah Utara,Ohoitel,97611
Maluku,Maluku Tenggara,Manyeuw,Ohoiluk,97611
Maluku,Tual,Pulau Dullah Utara,Ohoitahit,97611
Maluku,Maluku Tenggara,Manyeuw,Ohoililir,97611
Maluku,Maluku Tenggara,Kei Kecil,Ohoider Atas,97611
Maluku,Maluku Tenggara,Kei Kecil,Ohoijang/Ohoiyong Watdek,97611
Maluku,Maluku Tenggara,Kei Kecil,Ohodertawun,97611
Maluku,Maluku Tenggara,Hoat Sorbay,Ohoibadar,97611
Maluku,Maluku Tenggara,Manyeuw,Ngilngof,97611
Maluku,Maluku Tenggara,Hoat Sorbay,Ngursit,97611
Maluku,Maluku Tenggara,Manyeuw,Ngayub,97611
Maluku,Tual,Pulau Dullah Utara,Ngadi,97611
Maluku,Maluku Tenggara,Kei Kecil,Ngabub,97611
Maluku,Maluku Tenggara,Kei Kecil,Loon,97611
Maluku,Tual,Pulau Dullah Selatan,Lodar Ell,97611
Maluku,Maluku Tenggara,Kei Kecil,Letman,97611
Maluku,Maluku Tenggara,Hoat Sorbay,Letvuan,97611
Maluku,Maluku Tenggara,Kei Kecil,Langgur,97611
Maluku,Maluku Tenggara,Manyeuw,Lairngangas,97611
Maluku,Tual,Pulau Dullah Utara,Labetawi,97611
Maluku,Maluku Tenggara,Kei Kecil,Kolser,97611
Maluku,Tual,Pulau Dullah Selatan,Ketsoblak,97611
Maluku,Tual,Pulau Dullah Utara,Fiditan,97611
Maluku,Maluku Tenggara,Kei Kecil,Ibra,97611
Maluku,Maluku Tenggara,Kei Kecil,Kelanit,97611
Maluku,Maluku Tenggara,Kei Kecil,Faan,97611
Maluku,Maluku Tenggara,Hoat Sorbay,Evu,97611
Maluku,Tual,Pulau Dullah Utara,Dullah (Darat),97611
Maluku,Tual,Pulau Dullah Utara,Dullah Laut,97611
Maluku,Maluku Tenggara,Kei Kecil,Dudunwahan,97611
Maluku,Maluku Tenggara,Hoat Sorbay,Arso,97611
Maluku,Seram Bagian Timur,Pulau Panjang,Ruku Ruku,97599
Maluku,Seram Bagian Timur,Pulau Panjang,Pulau Panjang,97599
Maluku,Seram Bagian Timur,Pulau Panjang,Lalasa,97599
Maluku,Seram Bagian Timur,Pulau Panjang,Magat,97599
Maluku,Seram Bagian Timur,Pulau Panjang,Perik Basaranggi,97599
Maluku,Seram Bagian Timur,Pulau Panjang,Argam,97599
Maluku,Seram Bagian Timur,Siritaun Wida Timur,Salagor Kota,97598
Maluku,Seram Bagian Timur,Siritaun Wida Timur,Suru,97598
Maluku,Seram Bagian Timur,Siritaun Wida Timur,Kwaos (Kuwaos),97598
Maluku,Seram Bagian Timur,Siritaun Wida Timur,Lian Tasik,97598
Maluku,Seram Bagian Timur,Siritaun Wida Timur,Salagor Air,97598
Maluku,Seram Bagian Timur,Siritaun Wida Timur,Keta Rumadan,97598
Maluku,Seram Bagian Timur,Siritaun Wida Timur,Kian Laut,97598
Maluku,Seram Bagian Timur,Siritaun Wida Timur,Aruan Gaur,97598
Maluku,Seram Bagian Timur,Siritaun Wida Timur,Keta,97598
Maluku,Seram Bagian Timur,Teor,Teor,97597
Maluku,Seram Bagian Timur,Teor,Kiliwouw,97597
Maluku,Seram Bagian Timur,Teor,Karlokin,97597
Maluku,Seram Bagian Timur,Teor,Kartutin Kartenga,97597
Maluku,Seram Bagian Timur,Teor,Ker Ker,97597
Maluku,Seram Bagian Timur,Teor,Kampung Tengah Wermaf,97597
Maluku,Seram Bagian Timur,Teor,Duryar Rumoy,97597
Maluku,Seram Bagian Timur,Teor,Kampung Baru,97597
Maluku,Seram Bagian Timur,Gorom Timur,Waisalan,97596
Maluku,Seram Bagian Timur,Gorom Timur,Tinarin,97596
Maluku,Seram Bagian Timur,Gorom Timur,Tuha,97596
Maluku,Seram Bagian Timur,Gorom Timur,Tunas Ilur,97596
Maluku,Seram Bagian Timur,Gorom Timur,Sagey,97596
Maluku,Seram Bagian Timur,Gorom Timur,Miran,97596
Maluku,Seram Bagian Timur,Gorom Timur,Rarat,97596
Maluku,Seram Bagian Timur,Gorom Timur,Kota Siri (Kota Sirih),97596
Maluku,Seram Bagian Timur,Gorom Timur,Goha,97596
Maluku,Seram Bagian Timur,Gorom Timur,Kilkoda,97596
Maluku,Seram Bagian Timur,Gorom Timur,Amarwawatu,97596
Maluku,Seram Bagian Timur,Gorom Timur,Aran,97596
Maluku,Seram Bagian Timur,Gorom Timur,Adar,97596
Maluku,Seram Bagian Timur,Wakate,Wunin Eldedora,97595
Maluku,Seram Bagian Timur,Wakate,Tamher Timur,97595
Maluku,Seram Bagian Timur,Wakate,Tanah Baru,97595
Maluku,Seram Bagian Timur,Wakate,Utiia,97595
Maluku,Seram Bagian Timur,Wakate,Tamher Barat,97595
Maluku,Seram Bagian Timur,Pulau Gorong (Gorom),Sera,97595
Maluku,Seram Bagian Timur,Wakate,Otademan,97595
Maluku,Seram Bagian Timur,Pulau Gorong (Gorom),Ondor,97595
Maluku,Seram Bagian Timur,Pulau Gorong (Gorom),Rumeon,97595
Maluku,Seram Bagian Timur,Pulau Gorong (Gorom),Miran Gota,97595
Maluku,Seram Bagian Timur,Pulau Gorong (Gorom),Namalean,97595
Maluku,Seram Bagian Timur,Pulau Gorong (Gorom),Loko,97595
Maluku,Seram Bagian Timur,Pulau Gorong (Gorom),Mida,97595
Maluku,Seram Bagian Timur,Wakate,Lahema,97595
Maluku,Seram Bagian Timur,Pulau Gorong (Gorom),Kataloka,97595
Maluku,Seram Bagian Timur,Wakate,Kelangan,97595
Maluku,Seram Bagian Timur,Wakate,Ilili,97595
Maluku,Seram Bagian Timur,Wakate,Karlomin,97595
Maluku,Seram Bagian Timur,Wakate,Guliar,97595
Maluku,Seram Bagian Timur,Pulau Gorong (Gorom),Ilili,97595
Maluku,Seram Bagian Timur,Wakate,Efa (Effa),97595
Maluku,Seram Bagian Timur,Pulau Gorong (Gorom),Day (Dai),97595
Maluku,Seram Bagian Timur,Pulau Gorong (Gorom),Amarsekaru,97595
Maluku,Seram Bagian Timur,Wakate,Amar Laut,97595
Maluku,Seram Bagian Timur,Kian Darat,Watu Watu,97594
Maluku,Seram Bagian Timur,Tutuk Tolu,Walang Tenga,97594
Maluku,Seram Bagian Timur,Tutuk Tolu,Waras Waras,97594
Maluku,Seram Bagian Timur,Kilmury,Undur,97594
Maluku,Seram Bagian Timur,Seram Timur,Urung,97594
Maluku,Seram Bagian Timur,Tutuk Tolu,Taruy,97594
Maluku,Seram Bagian Timur,Kilmury,Sumbawa,97594
Maluku,Seram Bagian Timur,Kian Darat,Rumfakar,97594
Maluku,Seram Bagian Timur,Kilmury,Mising,97594
Maluku,Seram Bagian Timur,Kilmury,Nekan,97594
Maluku,Seram Bagian Timur,Kilmury,Kumelang,97594
Maluku,Seram Bagian Timur,Seram Timur,Kilwaru,97594
Maluku,Seram Bagian Timur,Seram Timur,Kiltay (Kiltai),97594
Maluku,Seram Bagian Timur,Kilmury,Kilmury,97594
Maluku,Seram Bagian Timur,Tutuk Tolu,Kilmoy (Kilmoi),97594
Maluku,Seram Bagian Timur,Kian Darat,Kilga Kilwouw,97594
Maluku,Seram Bagian Timur,Kian Darat,Kilga Watubau,97594
Maluku,Seram Bagian Timur,Seram Timur,Kilfura,97594
Maluku,Seram Bagian Timur,Kian Darat,Kileser,97594
Maluku,Seram Bagian Timur,Seram Timur,Kilbon Kway,97594
Maluku,Seram Bagian Timur,Tutuk Tolu,Kilbat,97594
Maluku,Seram Bagian Timur,Seram Timur,Kellu,97594
Maluku,Seram Bagian Timur,Kian Darat,Kian Darat,97594
Maluku,Seram Bagian Timur,Kian Darat,Kelaba,97594
Maluku,Seram Bagian Timur,Seram Timur,Geser,97594
Maluku,Seram Bagian Timur,Tutuk Tolu,Gah,97594
Maluku,Seram Bagian Timur,Tutuk Tolu,Bati Kilwouw,97594
Maluku,Seram Bagian Timur,Tutuk Tolu,Danama,97594
Maluku,Seram Bagian Timur,Kian Darat,Angar,97594
Maluku,Seram Bagian Timur,Kian Darat,Artafela,97594
Maluku,Seram Bagian Timur,Kilmury,Afang Kota,97594
Maluku,Seram Bagian Timur,Tutuk Tolu,Airkasar,97594
Maluku,Seram Bagian Timur,Kilmury,Afang Defol,97594
Maluku,Maluku Tengah,Banda,Selamon,97593
Maluku,Maluku Tengah,Banda,Tanah Rata,97593
Maluku,Maluku Tengah,Banda,Waer,97593
Maluku,Maluku Tengah,Banda,Pulau Rhum,97593
Maluku,Maluku Tengah,Banda,Rajawali,97593
Maluku,Maluku Tengah,Banda,Pulau Ai/Ay,97593
Maluku,Maluku Tengah,Banda,Pulau Hatta,97593
Maluku,Maluku Tengah,Banda,Lonthoir,97593
Maluku,Maluku Tengah,Banda,Dwiwarna,97593
Maluku,Maluku Tengah,Saparua,Tiouw,97592
Maluku,Maluku Tengah,Saparua Timur,Tuhaha,97592
Maluku,Maluku Tengah,Saparua Timur,Ullath,97592
Maluku,Maluku Tengah,Saparua Timur,Siri-Sori Amalatu,97592
Maluku,Maluku Tengah,Saparua,Saparua,97592
Maluku,Maluku Tengah,Saparua Timur,Siri Sori,97592
Maluku,Maluku Tengah,Saparua,Paperu,97592
Maluku,Maluku Tengah,Saparua,Portho,97592
Maluku,Maluku Tengah,Saparua Timur,Noloth,97592
Maluku,Maluku Tengah,Saparua Timur,Ouw,97592
Maluku,Maluku Tengah,Saparua,Kulur,97592
Maluku,Maluku Tengah,Saparua Timur,Itawaka,97592
Maluku,Maluku Tengah,Saparua Timur,Mahu,97592
Maluku,Maluku Tengah,Saparua Timur,Iha,97592
Maluku,Maluku Tengah,Saparua Timur,Ihamahu,97592
Maluku,Maluku Tengah,Saparua,Haria,97592
Maluku,Maluku Tengah,Pulau Haruku,Rohomoni,97591
Maluku,Maluku Tengah,Pulau Haruku,Sameth,97591
Maluku,Maluku Tengah,Pulau Haruku,Kariuw,97591
Maluku,Maluku Tengah,Pulau Haruku,Oma,97591
Maluku,Maluku Tengah,Pulau Haruku,Hulaliu,97591
Maluku,Maluku Tengah,Pulau Haruku,Kabau,97591
Maluku,Maluku Tengah,Pulau Haruku,Kailolo (Kailolopia),97591
Maluku,Maluku Tengah,Pulau Haruku,Aboru,97591
Maluku,Maluku Tengah,Pulau Haruku,Haruku,97591
Maluku,Maluku Tengah,Salahutu,Waai,97582
Maluku,Maluku Tengah,Salahutu,Tial,97582
Maluku,Maluku Tengah,Salahutu,Tulehu,97582
Maluku,Maluku Tengah,Salahutu,Tengah-Tengah,97582
Maluku,Maluku Tengah,Salahutu,Liang,97582
Maluku,Maluku Tengah,Salahutu,Suli,97582
Maluku,Maluku Tengah,Leihitu,Wakal,97581
Maluku,Maluku Tengah,Leihitu Barat,Wakasihu,97581
Maluku,Maluku Tengah,Leihitu,Mamala,97581
Maluku,Maluku Tengah,Leihitu,Morela,97581
Maluku,Maluku Tengah,Leihitu,Kaitetu,97581
Maluku,Maluku Tengah,Leihitu Barat,Larike,97581
Maluku,Maluku Tengah,Leihitu Barat,Liliboi,97581
Maluku,Maluku Tengah,Leihitu,Hitu Lama,97581
Maluku,Maluku Tengah,Leihitu,Hitu Mesing,97581
Maluku,Maluku Tengah,Leihitu,Hila,97581
Maluku,Maluku Tengah,Leihitu,Asilulu,97581
Maluku,Maluku Tengah,Leihitu Barat,Hatu,97581
Maluku,Maluku Tengah,Leihitu Barat,Allang,97581
Maluku,Buru,Waelata,Widit,97574
Maluku,Buru,Lolong Guba,Wapsalit,97574
Maluku,Buru,Lolong Guba,Wanakarta,97574
Maluku,Buru,Waeapo,Wanareja,97574
Maluku,Buru,Waelata,Waetina,97574
Maluku,Buru,Waelata,Waflan,97574
Maluku,Buru Selatan,Waesama,Waesili,97574
Maluku,Buru Selatan,Waesama,Waetawa,97574
Maluku,Buru,Waeapo,Waenetat,97574
Maluku,Buru,Batabual,Waemorat,97574
Maluku,Buru Selatan,Waesama,Waemasing,97574
Maluku,Buru,Waelata,Waelo,97574
Maluku,Buru Selatan,Waesama,Waelikut,97574
Maluku,Buru,Teluk Kaiely,Waelapia,97574
Maluku,Buru,Waelata,Waeleman,97574
Maluku,Buru,Waeapo,Waekasar,97574
Maluku,Buru,Waeapo,Waekerta,97574
Maluku,Buru,Waelata,Waehata,97574
Maluku,Buru,Lolong Guba,Wabloy,97574
Maluku,Buru,Lolong Guba,Waegeren,97574
Maluku,Buru,Lolong Guba,Tifu,97574
Maluku,Buru,Teluk Kaiely,Seith,97574
Maluku,Buru Selatan,Waesama,Simi,97574
Maluku,Buru,Lolong Guba,Ohilahin,97574
Maluku,Buru,Batabual,Pela,97574
Maluku,Buru,Lolong Guba,Nafrua,97574
Maluku,Buru,Batabual,Namlea Ilath,97574
Maluku,Buru Selatan,Waesama,Lena,97574
Maluku,Buru,Teluk Kaiely,Masarete,97574
Maluku,Buru,Lolong Guba,Kubalahin,97574
Maluku,Buru,Lolong Guba,Lele,97574
Maluku,Buru,Teluk Kaiely,Kaiely (Kayeli),97574
Maluku,Buru,Teluk Kaiely,Kaki Air,97574
Maluku,Buru Selatan,Waesama,Hote,97574
Maluku,Buru,Batabual,Ilath,97574
Maluku,Buru,Lolong Guba,Grandeng,97574
Maluku,Buru,Waeapo,Gogorea,97574
Maluku,Buru,Waelata,Deboway / Debowae,97574
Maluku,Buru Selatan,Waesama,Batu Kasa,97574
Maluku,Buru,Waelata,Dava,97574
Maluku,Buru Selatan,Namrole,Wamkana,97573
Maluku,Buru Selatan,Leksula,Walunghelat,97573
Maluku,Buru Selatan,Namrole,Wali,97573
Maluku,Buru Selatan,Leksula,Wahaolon,97573
Maluku,Buru Selatan,Fena Fafan,Waereman (Waeraman),97573
Maluku,Buru Selatan,Leksula,Waeturen,97573
Maluku,Buru Selatan,Namrole,Waenalut,97573
Maluku,Buru Selatan,Namrole,Waenono,97573
Maluku,Buru Selatan,Leksula,Waenamaolon,97573
Maluku,Buru Selatan,Leksula,Waemala,97573
Maluku,Buru Selatan,Leksula,Waemulang,97573
Maluku,Buru Selatan,Fena Fafan,Waeken,97573
Maluku,Buru Selatan,Fena Fafan,Waelo,97573
Maluku,Buru Selatan,Fena Fafan,Waekatin,97573
Maluku,Buru Selatan,Namrole,Waefusi,97573
Maluku,Buru Selatan,Leksula,Waehaka,97573
Maluku,Buru Selatan,Fena Fafan,Trukat,97573
Maluku,Buru Selatan,Leksula,Slealale,97573
Maluku,Buru Selatan,Leksula,Terkuri,97573
Maluku,Buru Selatan,Fena Fafan,Siwatlahin,97573
Maluku,Buru Selatan,Namrole,Oki Baru,97573
Maluku,Buru Selatan,Namrole,Oki Lama,97573
Maluku,Buru Selatan,Fena Fafan,Nusarua,97573
Maluku,Buru Selatan,Namrole,Namrinat,97573
Maluku,Buru Selatan,Leksula,Neath,97573
Maluku,Buru Selatan,Leksula,Mepa,97573
Maluku,Buru Selatan,Leksula,Nalbessy,97573
Maluku,Buru Selatan,Leksula,Liang,97573
Maluku,Buru Selatan,Fena Fafan,Mangeswaen,97573
Maluku,Buru Selatan,Namrole,Masnana,97573
Maluku,Buru Selatan,Namrole,Lektama,97573
Maluku,Buru Selatan,Namrole,Leku,97573
Maluku,Buru Selatan,Leksula,Leksula,97573
Maluku,Buru Selatan,Leksula,Kase,97573
Maluku,Buru Selatan,Namrole,Kamlanglale,97573
Maluku,Buru Selatan,Fena Fafan,Fakal,97573
Maluku,Buru Selatan,Namrole,Elfule,97573
Maluku,Buru Selatan,Leksula,Ewiri (Erwiri),97573
Maluku,Buru Selatan,Namrole,Batu Tulis,97573
Maluku,Buru,Fena Leisela,Wasi,97572
Maluku,Buru,Fena Leisela,Waspait,97572
Maluku,Buru,Fena Leisela,Wamlana,97572
Maluku,Buru,Airbuaya,Wasbaka,97572
Maluku,Buru,Fena Leisela,Wamana Baru,97572
Maluku,Buru Selatan,Kepala Madan,Walbele,97572
Maluku,Buru,Fena Leisela,Wainibe (Waenibe),97572
Maluku,Buru,Airbuaya,Waipure (Waepure),97572
Maluku,Buru,Fena Leisela,Waereman,97572
Maluku,Buru,Airbuaya,Waimangit (Waemangit),97572
Maluku,Buru Selatan,Kepala Madan,Waepandan,97572
Maluku,Buru,Fena Leisela,Waelana-lana,97572
Maluku,Buru Selatan,Kepala Madan,Waekeka,97572
Maluku,Buru,Fena Leisela,Waedanga,97572
Maluku,Buru,Airbuaya,Tanjung Karang,97572
Maluku,Buru Selatan,Kepala Madan,Siopot,97572
Maluku,Buru,Airbuaya,Selwadu,97572
Maluku,Buru,Fena Leisela,Raheriat,97572
Maluku,Buru Selatan,Kepala Madan,Sekat,97572
Maluku,Buru Selatan,Kepala Madan,Nanali,97572
Maluku,Buru Selatan,Kepala Madan,Pasir Putih,97572
Maluku,Buru,Fena Leisela,Lemanpoli,97572
Maluku,Buru Selatan,Kepala Madan,Fogi,97572
Maluku,Buru,Airbuaya,Kampung Baru,97572
Maluku,Buru Selatan,Kepala Madan,Biloro,97572
Maluku,Buru Selatan,Kepala Madan,Emhugen,97572
Maluku,Buru Selatan,Kepala Madan,Batu Layar,97572
Maluku,Buru,Airbuaya,Batlale,97572
Maluku,Buru Selatan,Kepala Madan,Balpetu,97572
Maluku,Buru Selatan,Kepala Madan,Bala-bala,97572
Maluku,Buru,Airbuaya,Awilinan,97572
Maluku,Buru,Airbuaya,Air Buaya,97572
Maluku,Buru,Waplau,Waprea,97571
Maluku,Buru,Lilialy,Waimiting (Waemiting),97571
Maluku,Buru,Waplau,Waplau,97571
Maluku,Buru,Waplau,Wailihang (Waelihang),97571
Maluku,Buru,Waplau,Waeura,97571
Maluku,Buru,Waplau,Waepotih,97571
Maluku,Buru,Lilialy,Waeperang,97571
Maluku,Buru,Lilialy,Ubung,97571
Maluku,Buru,Waplau,Skikilale,97571
Maluku,Buru,Namlea,Siahoni,97571
Maluku,Buru,Lilialy,Sawa,97571
Maluku,Buru,Namlea,Sanleko,97571
Maluku,Buru,Waplau,Samalagi,97571
Maluku,Buru,Namlea,Namlea,97571
Maluku,Buru,Lilialy,Jikumarasa (Jikumerasa),97571
Maluku,Buru,Namlea,Karang Jaya,97571
Maluku,Buru,Namlea,Jamilu,97571
Maluku,Buru,Waplau,Hatawano,97571
Maluku,Buru,Namlea,Batu Boy,97571
Maluku,Seram Bagian Barat,Huamual Belakang (Waisala),Waesala (Waisala),97567
Maluku,Seram Bagian Barat,Kepulauan Manipa,Tuniwara,97567
Maluku,Seram Bagian Barat,Huamual Belakang (Waisala),Tonujaya,97567
Maluku,Seram Bagian Barat,Kepulauan Manipa,Tomalehu Barat (Tumalehu Barat),97567
Maluku,Seram Bagian Barat,Kepulauan Manipa,Tomalehu Timur (Tumalehu Timur),97567
Maluku,Seram Bagian Barat,Huamual Belakang (Waisala),Tahalupu,97567
Maluku,Seram Bagian Barat,Kepulauan Manipa,Masawoi,97567
Maluku,Seram Bagian Barat,Huamual Belakang (Waisala),Sole,97567
Maluku,Seram Bagian Barat,Kepulauan Manipa,Luhutuban,97567
Maluku,Seram Bagian Barat,Kepulauan Manipa,Kelang Asaude,97567
Maluku,Seram Bagian Barat,Huamual Belakang (Waisala),Buano/Boano Utara,97567
Maluku,Seram Bagian Barat,Huamual Belakang (Waisala),Buano/Boano Selatan,97567
Maluku,Seram Bagian Barat,Kairatu Barat,Waisarisa,97566
Maluku,Seram Bagian Barat,Elpaputih,Waisa,97566
Maluku,Seram Bagian Barat,Kairatu,Waipirit,97566
Maluku,Seram Bagian Barat,Kairatu,Waimital,97566
Maluku,Seram Bagian Barat,Kairatu Barat,Waihatu,97566
Maluku,Seram Bagian Barat,Kairatu Barat,Waesamu (Waisamu),97566
Maluku,Seram Bagian Barat,Kairatu,Uraur,97566
Maluku,Seram Bagian Barat,Amalatu,Tomalehu,97566
Maluku,Seram Bagian Barat,Amalatu,Tihulale,97566
Maluku,Seram Bagian Barat,Amalatu,Tala,97566
Maluku,Seram Bagian Barat,Elpaputih,Sumeith/Sameith Pasinaro,97566
Maluku,Seram Bagian Barat,Kairatu,Seruawan,97566
Maluku,Seram Bagian Barat,Amalatu,Seriholo,97566
Maluku,Seram Bagian Barat,Inamosol,Rumberu,97566
Maluku,Seram Bagian Barat,Elpaputih,Sanahu,97566
Maluku,Seram Bagian Barat,Amalatu,Rumahkay,97566
Maluku,Seram Bagian Barat,Inamosol,Rambatu,97566
Maluku,Seram Bagian Barat,Amalatu,Latu,97566
Maluku,Seram Bagian Barat,Kairatu,Kamarian,97566
Maluku,Seram Bagian Barat,Kairatu Barat,Kamal,97566
Maluku,Seram Bagian Barat,Kairatu,Kairatu,97566
Maluku,Seram Bagian Barat,Elpaputih,Huku Kecil,97566
Maluku,Seram Bagian Barat,Inamosol,Hunitetu,97566
Maluku,Seram Bagian Barat,Inamosol,Huku Anakota,97566
Maluku,Seram Bagian Barat,Amalatu,Hualoy,97566
Maluku,Seram Bagian Barat,Kairatu,Hatusua,97566
Maluku,Seram Bagian Barat,Elpaputih,Elpaputih,97566
Maluku,Seram Bagian Barat,Elpaputih,Abio Ahiolo,97566
Maluku,Seram Bagian Barat,Seram Barat,Neniari / Niniari,97562
Maluku,Seram Bagian Barat,Seram Barat,Piru,97562
Maluku,Seram Bagian Barat,Seram Barat,Lumoly (Lumoli),97562
Maluku,Seram Bagian Barat,Seram Barat,Morekau,97562
Maluku,Seram Bagian Barat,Huamual,Luhu,97562
Maluku,Seram Bagian Barat,Huamual,Lokki,97562
Maluku,Seram Bagian Barat,Huamual,Iha,97562
Maluku,Seram Bagian Barat,Seram Barat,Eti / Ety,97562
Maluku,Seram Bagian Barat,Huamual,Ariate,97562
Maluku,Seram Bagian Barat,Taniwel Timur,Waraloin,97561
Maluku,Seram Bagian Barat,Taniwel Timur,Walakone,97561
Maluku,Seram Bagian Barat,Taniwel,Wakolo,97561
Maluku,Seram Bagian Barat,Taniwel Timur,Uwen Pantai,97561
Maluku,Seram Bagian Barat,Taniwel,Uweth / Uweh,97561
Maluku,Seram Bagian Barat,Taniwel Timur,Tounusa,97561
Maluku,Seram Bagian Barat,Taniwel,Taniwel,97561
Maluku,Seram Bagian Barat,Taniwel Timur,Solea,97561
Maluku,Seram Bagian Barat,Taniwel Timur,Sukaraja,97561
Maluku,Seram Bagian Barat,Taniwel Timur,Soakasale,97561
Maluku,Seram Bagian Barat,Taniwel Timur,Sohuwe,97561
Maluku,Seram Bagian Barat,Taniwel,Rumahsoal,97561
Maluku,Seram Bagian Barat,Taniwel,Riring,97561
Maluku,Seram Bagian Barat,Taniwel,Patahuwe,97561
Maluku,Seram Bagian Barat,Taniwel,Niwelehu,97561
Maluku,Seram Bagian Barat,Taniwel,Niniari,97561
Maluku,Seram Bagian Barat,Taniwel,Murnaten / Mornaten,97561
Maluku,Seram Bagian Barat,Taniwel,Nikulukan,97561
Maluku,Seram Bagian Barat,Taniwel Timur,Maloang,97561
Maluku,Seram Bagian Barat,Taniwel Timur,Masihuwey (Musihbuway),97561
Maluku,Seram Bagian Barat,Taniwel Timur,Matapa,97561
Maluku,Seram Bagian Barat,Taniwel Timur,Lumahpelu (Lumapelu),97561
Maluku,Seram Bagian Barat,Taniwel Timur,Makububui,97561
Maluku,Seram Bagian Barat,Taniwel,Lisabata (Lisabata Barat),97561
Maluku,Seram Bagian Barat,Taniwel Timur,Lumahlatal (Lumalatal),97561
Maluku,Seram Bagian Barat,Taniwel,Lohia Sapalewa,97561
Maluku,Seram Bagian Barat,Taniwel,Kasieh,97561
Maluku,Seram Bagian Barat,Taniwel,Laturake,97561
Maluku,Seram Bagian Barat,Taniwel,Hulung,97561
Maluku,Seram Bagian Barat,Taniwel Timur,Hatunuru,97561
Maluku,Seram Bagian Barat,Taniwel,Buria,97561
Maluku,Maluku Tengah,Teon Nila Serua,Trana,97558
Maluku,Maluku Tengah,Teon Nila Serua,Usliapan,97558
Maluku,Maluku Tengah,Teon Nila Serua,Nakupia,97558
Maluku,Maluku Tengah,Teon Nila Serua,Sefluru (Sifluru),97558
Maluku,Maluku Tengah,Teon Nila Serua,Layeni,97558
Maluku,Maluku Tengah,Teon Nila Serua,Lesluru,97558
Maluku,Maluku Tengah,Teon Nila Serua,Mesa (Messa),97558
Maluku,Maluku Tengah,Teon Nila Serua,Kuralele,97558
Maluku,Maluku Tengah,Teon Nila Serua,Kokroman,97558
Maluku,Maluku Tengah,Teon Nila Serua,Jerili,97558
Maluku,Maluku Tengah,Teon Nila Serua,Bumey,97558
Maluku,Maluku Tengah,Teon Nila Serua,Isu (Issu),97558
Maluku,Maluku Tengah,Teon Nila Serua,Ameth,97558
Maluku,Maluku Tengah,Seram Utara Timur Kobi,Way Asih (Waiasih),97557
Maluku,Maluku Tengah,Seram Utara Barat,Warasiwa,97557
Maluku,Maluku Tengah,Seram Utara Timur Kobi,Waitonipa,97557
Maluku,Maluku Tengah,Seram Utara Barat,Waiulu,97557
Maluku,Maluku Tengah,Seram Utara Timur Seti,Waimusal,97557
Maluku,Maluku Tengah,Seram Utara Timur Kobi,Waimusi,97557
Maluku,Maluku Tengah,Seram Utara,Wahai,97557
Maluku,Maluku Tengah,Seram Utara Timur Seti,Tanah Merah,97557
Maluku,Maluku Tengah,Seram Utara Timur Seti,Tihuanaa,97557
Maluku,Maluku Tengah,Seram Utara,Sawai,97557
Maluku,Maluku Tengah,Seram Utara Timur Seti,Seti,97557
Maluku,Maluku Tengah,Seram Utara Timur Kobi,Samai,97557
Maluku,Maluku Tengah,Seram Utara Timur Kobi,Sariputih,97557
Maluku,Maluku Tengah,Seram Utara Barat,Saleman,97557
Maluku,Maluku Tengah,Seram Utara Barat,Rumahwey,97557
Maluku,Maluku Tengah,Seram Utara,Roho,97557
Maluku,Maluku Tengah,Seram Utara,Rumah Sokat,97557
Maluku,Maluku Tengah,Seram Utara,Pasahari,97557
Maluku,Maluku Tengah,Seram Utara Barat,Pasanea,97557
Maluku,Maluku Tengah,Seram Utara Barat,Paa,97557
Maluku,Maluku Tengah,Seram Utara Timur Seti,Namto,97557
Maluku,Maluku Tengah,Seram Utara,Manusela,97557
Maluku,Maluku Tengah,Seram Utara,Malaku,97557
Maluku,Maluku Tengah,Seram Utara Barat,Lisabata Timur,97557
Maluku,Maluku Tengah,Seram Utara Timur Kobi,Leaway (Leawai),97557
Maluku,Maluku Tengah,Seram Utara Barat,Labuan,97557
Maluku,Maluku Tengah,Seram Utara Barat,Latea,97557
Maluku,Maluku Tengah,Seram Utara Timur Seti,Kobisonta,97557
Maluku,Maluku Tengah,Seram Utara Timur Kobi,Kobi,97557
Maluku,Maluku Tengah,Seram Utara Timur Kobi,Kobimukti,97557
Maluku,Maluku Tengah,Seram Utara Barat,Kalutu (Karlutu Kara),97557
Maluku,Maluku Tengah,Seram Utara,Kanikeh (Kanike),97557
Maluku,Maluku Tengah,Seram Utara,Huaulu,97557
Maluku,Maluku Tengah,Seram Utara,Kaloa,97557
Maluku,Maluku Tengah,Seram Utara Barat,Gale-Gale,97557
Maluku,Maluku Tengah,Seram Utara Barat,Horale,97557
Maluku,Maluku Tengah,Seram Utara Timur Seti,Aketernate,97557
Maluku,Maluku Tengah,Seram Utara,Besi,97557
Maluku,Seram Bagian Timur,Teluk Waru,Waru,97554
Maluku,Seram Bagian Timur,Bula Barat,Waiketam Baru,97554
Maluku,Seram Bagian Timur,Bula Barat,Waisamet,97554
Maluku,Seram Bagian Timur,Bula Barat,Waematakabo,97554
Maluku,Seram Bagian Timur,Siwalalat,Tunsai,97554
Maluku,Seram Bagian Timur,Werinama,Tum,97554
Maluku,Seram Bagian Timur,Teluk Waru,Tubir Wasiwang,97554
Maluku,Seram Bagian Timur,Werinama,Tobo,97554
Maluku,Seram Bagian Timur,Bula,Tansi Ambon,97554
Maluku,Seram Bagian Timur,Bula Barat,Sumber Agung,97554
Maluku,Seram Bagian Timur,Teluk Waru,Solang,97554
Maluku,Seram Bagian Timur,Bula Barat,Silohan,97554
Maluku,Seram Bagian Timur,Bula,Salas,97554
Maluku,Seram Bagian Timur,Bula,Sesar,97554
Maluku,Seram Bagian Timur,Bula Barat,Rukun Jaya,97554
Maluku,Seram Bagian Timur,Siwalalat,Sabuai,97554
Maluku,Seram Bagian Timur,Siwalalat,Polin,97554
Maluku,Seram Bagian Timur,Bula,Limumir,97554
Maluku,Seram Bagian Timur,Teluk Waru,Nama Andan,97554
Maluku,Seram Bagian Timur,Siwalalat,Naiwel Ahinulin,97554
Maluku,Seram Bagian Timur,Siwalalat,Lapela,97554
Maluku,Seram Bagian Timur,Siwalalat,Liliama,97554
Maluku,Seram Bagian Timur,Teluk Waru,Karay,97554
Maluku,Seram Bagian Timur,Bula,Kampung Gorom,97554
Maluku,Seram Bagian Timur,Bula,Kampung Wailola,97554
Maluku,Seram Bagian Timur,Bula Barat,Jakarta Baru,97554
Maluku,Seram Bagian Timur,Bula Barat,Jembatan Basah,97554
Maluku,Seram Bagian Timur,Teluk Waru,Kampung Baru,97554
Maluku,Seram Bagian Timur,Bula Barat,Hote,97554
Maluku,Seram Bagian Timur,Werinama,Funa Naibaya,97554
Maluku,Seram Bagian Timur,Werinama,Gusalaut,97554
Maluku,Seram Bagian Timur,Werinama,Hatumeten / Hatuimeten,97554
Maluku,Seram Bagian Timur,Bula,Englas,97554
Maluku,Seram Bagian Timur,Bula,Fattolo,97554
Maluku,Seram Bagian Timur,Teluk Waru,Dawang,97554
Maluku,Seram Bagian Timur,Werinama,Betuasa (Batuasa),97554
Maluku,Seram Bagian Timur,Bula Barat,Benggoi (Banggoi),97554
Maluku,Seram Bagian Timur,Werinama,Bemo,97554
Maluku,Seram Bagian Timur,Werinama,Bemo Perak,97554
Maluku,Seram Bagian Timur,Teluk Waru,Bellis,97554
Maluku,Seram Bagian Timur,Werinama,Atiahu,97554
Maluku,Seram Bagian Timur,Bula Barat,Aki Jaya,97554
Maluku,Seram Bagian Timur,Siwalalat,Abulate,97554
Maluku,Seram Bagian Timur,Siwalalat,Adabai,97554
Maluku,Maluku Tengah,Telutih,Wolu,97553
Maluku,Maluku Tengah,Telutih,Yamalatu,97553
Maluku,Maluku Tengah,Tehoru,Yaputih,97553
Maluku,Maluku Tengah,Telutih,Ulahahan,97553
Maluku,Maluku Tengah,Telutih,Tehua,97553
Maluku,Maluku Tengah,Tehoru,Tehoru,97553
Maluku,Maluku Tengah,Tehoru,Teluti Baru,97553
Maluku,Maluku Tengah,Tehoru,Mosso,97553
Maluku,Maluku Tengah,Tehoru,Piliama (Piliana),97553
Maluku,Maluku Tengah,Telutih,Lahakaba,97553
Maluku,Maluku Tengah,Telutih,Laimu,97553
Maluku,Maluku Tengah,Telutih,Lafa,97553
Maluku,Maluku Tengah,Telutih,Laha,97553
Maluku,Maluku Tengah,Telutih,Hunisi,97553
Maluku,Maluku Tengah,Tehoru,Haya,97553
Maluku,Maluku Tengah,Tehoru,Hatu,97553
Maluku,Maluku Tengah,Tehoru,Hatumete,97553
Maluku,Maluku Tengah,Amahai,Yafila,97516
Maluku,Maluku Tengah,Amahai,Yainuelo,97516
Maluku,Maluku Tengah,Teluk Elpaputih,Tananahu,97516
Maluku,Maluku Tengah,Teluk Elpaputih,Waraka,97516
Maluku,Maluku Tengah,Amahai,Tamilouw,97516
Maluku,Maluku Tengah,Amahai,Soahuku,97516
Maluku,Maluku Tengah,Teluk Elpaputih,Sahulau,97516
Maluku,Maluku Tengah,Amahai,Rutah,97516
Maluku,Maluku Tengah,Teluk Elpaputih,Liang,97516
Maluku,Maluku Tengah,Amahai,Hollo,97516
Maluku,Maluku Tengah,Amahai,Amahai (Amaiiai),97516
Maluku,Maluku Tengah,Amahai,Banda Baru,97516
Maluku,Maluku Tengah,Amahai,Haruru,97516
Maluku,Maluku Tengah,Masohi Kota,Lesane,97514
Maluku,Maluku Tengah,Masohi Kota,Letwaru,97515
Maluku,Buru Selatan,Ambalau,Ulima,97512
Maluku,Maluku Tengah,Masohi Kota,Ampera,97513
Maluku,Buru Selatan,Ambalau,Selasi,97512
Maluku,Buru Selatan,Ambalau,Siwar,97512
Maluku,Maluku Tengah,Masohi Kota,Namasina,97512
Maluku,Buru Selatan,Ambalau,Kampung Baru,97512
Maluku,Buru Selatan,Ambalau,Lumoy,97512
Maluku,Buru Selatan,Ambalau,Masawoy,97512
Maluku,Buru Selatan,Ambalau,Elara,97512
Maluku,Maluku Tengah,Nusalaut,Nalahia,97511
Maluku,Maluku Tengah,Nusalaut,Leinitu,97511
Maluku,Maluku Tengah,Nusalaut,Akoon,97511
Maluku,Maluku Tengah,Nusalaut,Ameth,97511
Maluku,Maluku Tengah,Nusalaut,Abubu,97511
Maluku,Maluku Tenggara Barat,Wermakatian (Wer Maktian),Wermatang,97464
Maluku,Maluku Tenggara Barat,Tanimbar Selatan,Wowonda,97464
Maluku,Maluku Tenggara Barat,Wermakatian (Wer Maktian),Welutu,97464
Maluku,Maluku Tenggara Barat,Wermakatian (Wer Maktian),Weratan,97464
Maluku,Maluku Tenggara Barat,Wertamrian,Tumbur,97464
Maluku,Maluku Tenggara Barat,Tanimbar Selatan,Sifnana,97464
Maluku,Maluku Tenggara Barat,Wermakatian (Wer Maktian),Themin,97464
Maluku,Maluku Tenggara Barat,Wertamrian,Sangliat Dol,97464
Maluku,Maluku Tenggara Barat,Wertamrian,Sangliat Krawain,97464
Maluku,Maluku Tenggara Barat,Tanimbar Selatan,Saumlaki,97464
Maluku,Maluku Tenggara Barat,Tanimbar Selatan,Olilit,97464
Maluku,Maluku Tenggara Barat,Wermakatian (Wer Maktian),Rumasalut,97464
Maluku,Maluku Tenggara Barat,Wertamrian,Lorulung,97464
Maluku,Maluku Tenggara Barat,Tanimbar Selatan,Lermatang,97464
Maluku,Maluku Tenggara Barat,Tanimbar Selatan,Latdalam,97464
Maluku,Maluku Tenggara Barat,Tanimbar Selatan,Lauran,97464
Maluku,Maluku Tenggara Barat,Tanimbar Selatan,Kabiarat Raya,97464
Maluku,Maluku Tenggara Barat,Wermakatian (Wer Maktian),Kamatubun,97464
Maluku,Maluku Tenggara Barat,Tanimbar Selatan,Bomaki,97464
Maluku,Maluku Tenggara Barat,Tanimbar Selatan,Ilngei,97464
Maluku,Maluku Tenggara Barat,Wermakatian (Wer Maktian),Batu Putih,97464
Maluku,Maluku Tenggara Barat,Wertamrian,Arui Das,97464
Maluku,Maluku Tenggara Barat,Wertamrian,Atubul Raya (Atabul Dol),97464
Maluku,Maluku Tenggara Barat,Wertamrian,Amdasa,97464
Maluku,Maluku Tenggara Barat,Wertamrian,Arui Bab,97464
Maluku,Maluku Tenggara Barat,Molu Maru,Wulmasa,97463
Maluku,Maluku Tenggara Barat,Wuarlabobar,Wunlah,97463
Maluku,Maluku Tenggara Barat,Nirunmas,Watmuri,97463
Maluku,Maluku Tenggara Barat,Nirunmas,Waturu,97463
Maluku,Maluku Tenggara Barat,Molu Maru,Tutunametal,97463
Maluku,Maluku Tenggara Barat,Molu Maru,Wadankou (Wadankau),97463
Maluku,Maluku Tenggara Barat,Wuarlabobar,Teineman,97463
Maluku,Maluku Tenggara Barat,Yaru,Sofyanin,97463
Maluku,Maluku Tenggara Barat,Nirunmas,Tutukembong,97463
Maluku,Maluku Tenggara Barat,Yaru,Rumngeur,97463
Maluku,Maluku Tenggara Barat,Tanimbar Utara,Ritabel,97463
Maluku,Maluku Tenggara Barat,Yaru,Romean,97463
Maluku,Maluku Tenggara Barat,Tanimbar Utara,Ridool,97463
Maluku,Maluku Tenggara Barat,Kormomolin,Meyanodas,97463
Maluku,Maluku Tenggara Barat,Molu Maru,Nurkat,97463
Maluku,Maluku Tenggara Barat,Kormomolin,Meyano Raya,97463
Maluku,Maluku Tenggara Barat,Kormomolin,Meyanobab,97463
Maluku,Maluku Tenggara Barat,Kormomolin,Lorwembun,97463
Maluku,Maluku Tenggara Barat,Kormomolin,Lumasebu,97463
Maluku,Maluku Tenggara Barat,Nirunmas,Manglusi,97463
Maluku,Maluku Tenggara Barat,Wuarlabobar,Lingada,97463
Maluku,Maluku Tenggara Barat,Wuarlabobar,Kilon,97463
Maluku,Maluku Tenggara Barat,Wuarlabobar,Labobar,97463
Maluku,Maluku Tenggara Barat,Tanimbar Utara,Kelaan,97463
Maluku,Maluku Tenggara Barat,Tanimbar Utara,Keliober,97463
Maluku,Maluku Tenggara Barat,Kormomolin,Kilmasa,97463
Maluku,Maluku Tenggara Barat,Wuarlabobar,Karatat,97463
Maluku,Maluku Tenggara Barat,Wuarlabobar,Awear Rumngeur,97463
Maluku,Maluku Tenggara Barat,Yaru,Awear,97463
Maluku,Maluku Tenggara Barat,Nirunmas,Arma,97463
Maluku,Maluku Tenggara Barat,Kormomolin,Alusi Tamrian,97463
Maluku,Maluku Tenggara Barat,Kormomolin,Alusi Bukyalin (Bukyalim),97463
Maluku,Maluku Tenggara Barat,Kormomolin,Alusi Kelaan,97463
Maluku,Maluku Tenggara Barat,Kormomolin,Alusi Krawain,97463
Maluku,Maluku Tenggara Barat,Kormomolin,Alusi Batjas,97463
Maluku,Maluku Tenggara Barat,Molu Maru,Adodo Molo,97463
Maluku,Maluku Tenggara Barat,Yaru,Adodo Fordata,97463
Maluku,Maluku Tenggara Barat,Wuarlabobar,Abat,97463
Maluku,Maluku Barat Daya,Wetar Barat,Ustutun,97454
Maluku,Maluku Barat Daya,Moa Lakor,Wakarleli,97454
Maluku,Maluku Barat Daya,Wetar Utara,Uhak,97454
Maluku,Maluku Barat Daya,Pulau Letti (Leti Moa Lakor),Tutuwaru,97454
Maluku,Maluku Barat Daya,Pulau Letti (Leti Moa Lakor),Tutukey,97454
Maluku,Maluku Barat Daya,Pulau Letti (Leti Moa Lakor),Tomra,97454
Maluku,Maluku Barat Daya,Moa Lakor,Tounwawan,97454
Maluku,Maluku Barat Daya,Wetar Timur,Tomliapat,97454
Maluku,Maluku Barat Daya,Wetar Barat,Telemar,97454
Maluku,Maluku Barat Daya,Kepulauan Romang,Solath,97454
Maluku,Maluku Barat Daya,Pulau Lakor,Sera,97454
Maluku,Maluku Barat Daya,Kisar Utara,Purpura (Pur-Pura),97454
Maluku,Maluku Barat Daya,Moa Lakor,Patti,97454
Maluku,Maluku Barat Daya,Pulau Pulau Terselatan,Oirata Barat,97454
Maluku,Maluku Barat Daya,Pulau Pulau Terselatan,Oirata Timur,97454
Maluku,Maluku Barat Daya,Pulau Letti (Leti Moa Lakor),Nuwewang,97454
Maluku,Maluku Barat Daya,Kisar Utara,Nomaha,97454
Maluku,Maluku Barat Daya,Wetar Timur,Moning,97454
Maluku,Maluku Barat Daya,Wetar,Masapun,97454
Maluku,Maluku Barat Daya,Wetar,Mahuan,97454
Maluku,Maluku Barat Daya,Wetar Utara,Lurang,97454
Maluku,Maluku Barat Daya,Pulau Letti (Leti Moa Lakor),Luhulely (Luhuleli),97454
Maluku,Maluku Barat Daya,Pulau Lakor,Lolotwara (Lolotuara),97454
Maluku,Maluku Barat Daya,Pulau Pulau Terselatan,Lekloor,97454
Maluku,Maluku Barat Daya,Pulau Lakor,Letoda,97454
Maluku,Maluku Barat Daya,Kisar Utara,Lebelau,97454
Maluku,Maluku Barat Daya,Pulau Letti (Leti Moa Lakor),Laitutun,97454
Maluku,Maluku Barat Daya,Pulau Pulau Terselatan,Kota Lama,97454
Maluku,Maluku Barat Daya,Wetar Barat,Klishatu,97454
Maluku,Maluku Barat Daya,Moa Lakor,Klis,97454
Maluku,Maluku Barat Daya,Pulau Lakor,Kety (Ketty),97454
Maluku,Maluku Barat Daya,Wetar Barat,Karbubu,97454
Maluku,Maluku Barat Daya,Moa Lakor,Kaiwatu,97454
Maluku,Maluku Barat Daya,Wetar Timur,Kahilin,97454
Maluku,Maluku Barat Daya,Wetar,Ilwaki,97454
Maluku,Maluku Barat Daya,Wetar Barat,Ilmamau,97454
Maluku,Maluku Barat Daya,Wetar Timur,Ilpokil,97454
Maluku,Maluku Barat Daya,Kepulauan Romang,Hila,97454
Maluku,Maluku Barat Daya,Wetar,Hiay,97454
Maluku,Maluku Barat Daya,Wetar Utara,Eray,97454
Maluku,Maluku Barat Daya,Wetar Utara,Elsulith,97454
Maluku,Maluku Barat Daya,Pulau Letti (Leti Moa Lakor),Batumiau,97454
Maluku,Maluku Barat Daya,Wetar Timur,Arwala,97454
Maluku,Maluku Barat Daya,Wetar,Amau,97454
Maluku,Maluku Barat Daya,Pulau Pulau Terselatan,Abusur,97454
Maluku,Maluku Tenggara Barat,Selaru,Lingat,97453
Maluku,Maluku Tenggara Barat,Selaru,Namtabung,97453
Maluku,Maluku Tenggara Barat,Selaru,Werain,97453
Maluku,Maluku Tenggara Barat,Selaru,Fursui,97453
Maluku,Maluku Tenggara Barat,Selaru,Kandar,97453
Maluku,Maluku Tenggara Barat,Selaru,Adaut,97453
Maluku,Maluku Barat Daya,Pulau Wetang,Upuhupun (Upuhupu),97452
Maluku,Maluku Barat Daya,Pulau Wetang,Wasarili,97452
Maluku,Maluku Barat Daya,Pulau Pulau Babar,Tela,97452
Maluku,Maluku Barat Daya,Pulau Pulau Babar,Tepa,97452
Maluku,Maluku Barat Daya,Pulau Pulau Babar,Sinairusi,97452
Maluku,Maluku Barat Daya,Pulau Wetang,Rumalewang Kecil (Rumahlewang Kecil),97452
Maluku,Maluku Barat Daya,Pulau Wetang,Pota Kecil,97452
Maluku,Maluku Barat Daya,Pulau Wetang,Rumalewang Besar (Rumahlewang Besar),97452
Maluku,Maluku Barat Daya,Pulau Wetang,Nusiata,97452
Maluku,Maluku Barat Daya,Pulau Wetang,Pota Besar,97452
Maluku,Maluku Barat Daya,Pulau Pulau Babar,Lewah,97452
Maluku,Maluku Barat Daya,Pulau Pulau Babar,Hertuti,97452
Maluku,Maluku Barat Daya,Pulau Pulau Babar,Imroing,97452
Maluku,Maluku Barat Daya,Pulau Pulau Babar,Letsiara,97452
Maluku,Maluku Barat Daya,Pulau Wetang,Herley (Herley Hoka),97452
Maluku,Ambon,Teluk Ambon,Tihu,97237
Maluku,Ambon,Leitimur Selatan,Leahari,97237
Maluku,Ambon,Teluk Ambon,Wayame,97234
Maluku,Ambon,Teluk Ambon,Tawiri,97235
Maluku,Ambon,Teluk Ambon,Hative Besar,97234
Maluku,Ambon,Teluk Ambon,Rumah Tiga,97234
Maluku,Ambon,Baguala,Waiheru,97233
Maluku,Ambon,Teluk Ambon,Poka,97233
Maluku,Ambon,Baguala,Passo,97232
Maluku,Ambon,Teluk Ambon,Hunuth (Durian Patah),97233
Maluku,Ambon,Baguala,Nania,97232
Maluku,Ambon,Baguala,Negeri Lama,97232
Maluku,Ambon,Baguala,Latta,97231
Maluku,Ambon,Baguala,Lateri,97231
Maluku,Ambon,Baguala,Halong,97231
Maluku,Ambon,Sirimau,Waihoka,97129
Maluku,Ambon,Leitimur Selatan,Naku,97129
Maluku,Ambon,Sirimau,Soya,97129
Maluku,Ambon,Leitimur Selatan,Hatalai,97129
