Propinsi,Kota/Kab.,Kecamatan,Kelurahan,Kode Pos
Sulawesi Barat,Polewali Mandar,Polewali,Pekkabata,91311
Sulawesi Barat,Polewali Mandar,Polewali,Polewali,91311
Sulawesi Barat,Polewali Mandar,Polewali,Manding,91311
Sulawesi Barat,Polewali Mandar,Alu (Allu),Saragian,96365
Sulawesi Barat,Polewali Mandar,Alu (Allu),Sayoang,96365
Sulawesi Barat,Polewali Mandar,Alu (Allu),Petoosang,96365
Sulawesi Barat,Polewali Mandar,Alu (Allu),Saragian,96365
Sulawesi Barat,Polewali Mandar,Alu (Allu),Sayoang,96365
Sulawesi Barat,Polewali Mandar,Alu (Allu),Petoosang,96365
Sulawesi Barat,Mamuju Utara,Bambalamotu,Kalola,91574
Sulawesi Barat,Mamuju Utara,Bambaira,Bambaira,91574
Sulawesi Barat,Mamuju Utara,Duripoku,Taranggi,91573
Sulawesi Barat,Mamuju Utara,Baras,Motu,91572
Sulawesi Barat,Mamuju Utara,Bulu Taba,Lilimori (Lelemori),91572
Sulawesi Barat,Mamuju Utara,Bulu Taba,Lelejae,91572
Sulawesi Barat,Mamuju Utara,Pasangkayu,Martajaya,91571
Sulawesi Barat,Mamuju Utara,Pedongga,Martasari,91571
Sulawesi Barat,Mamuju Utara,Pasangkayu,Malei,91571
Sulawesi Barat,Mamuju,Sampaga,Tanam Buah (Tanambua),91563
Sulawesi Barat,Mamuju,Topoyo,Tabolang,91563
Sulawesi Barat,Mamuju,Papalang,Sukadamai,91563
Sulawesi Barat,Mamuju,Pangale,Polocamba,91563
Sulawesi Barat,Mamuju,Budong-Budong,Passapa (Pasapa),91563
Sulawesi Barat,Mamuju,Topoyo,Paraili,91563
Sulawesi Barat,Mamuju,Budong-Budong,Bojo,91563
Sulawesi Barat,Mamuju,Papalang,Bonda,91563
Sulawesi Barat,Mamuju,Papalang,Boda-Boda,91563
Sulawesi Barat,Mamuju,Tommo,Saludengen,91562
Sulawesi Barat,Mamuju,Bonehau,Mappu,91562
Sulawesi Barat,Mamuju,Kalumpang,Polio (Ba’san),91562
Sulawesi Barat,Mamuju,Tommo,Kakulasang (Kakullasan),91562
Sulawesi Barat,Mamuju,Bonehau,Buttuada,91562
Sulawesi Barat,Mamuju,Tommo,Buana Sakti,91562
Sulawesi Barat,Mamuju,Mamuju,Rimuku,91515
Sulawesi Barat,Mamuju,Mamuju,Bambu,91514
Sulawesi Barat,Mamuju,Mamuju,Karampuang,91515
Sulawesi Barat,Mamuju,Simboro dan Kepulauan,Botteng Utara,91512
Sulawesi Barat,Mamuju,Simboro dan Kepulauan,Botteng,91512
Sulawesi Barat,Mamuju Utara,Dapurang,Benggaulu,91512
Sulawesi Barat,Majene,Malunda,Mekkatta,91453
Sulawesi Barat,Majene,Malunda,Lombong,91453
Sulawesi Barat,Majene,Malunda,Lombong Timur,91453
Sulawesi Barat,Majene,Sendana,Sendana,91452
Sulawesi Barat,Majene,Sendana,Sendana,91452
Sulawesi Barat,Majene,Sendana,Pundau,91452
Sulawesi Barat,Majene,Pamboang,Simbang,91451
Sulawesi Barat,Majene,Pamboang,Sirindu,91451
Sulawesi Barat,Majene,Pamboang,Lalampanua,91451
Sulawesi Barat,Polewali Mandar,Limboro,Todang Todang,91413
Sulawesi Barat,Polewali Mandar,Limboro,Tangan Baru,91413
Sulawesi Barat,Majene,Banggae Timur,Tande Timur,91413
Sulawesi Barat,Majene,Banggae Timur,Baurung,91412
Sulawesi Barat,Majene,Banggae Timur,Baruga Dua,91411
Sulawesi Barat,Majene,Banggae,Banggae,91411
Sulawesi Barat,Mamasa,Tabulahan,Saluleang,91372
Sulawesi Barat,Mamasa,Tabulahan,Tabulahan,91372
Sulawesi Barat,Mamasa,Tabulahan,Tampak Kurra,91372
Sulawesi Barat,Mamasa,Rantebulahan Timur,Salumokanan Barat,91371
Sulawesi Barat,Mamasa,Rantebulahan Timur,Salumokanan Utara,91371
Sulawesi Barat,Mamasa,Rantebulahan Timur,Salumokanan,91371
Sulawesi Barat,Mamasa,Mambi,Bujung Manurung,91371
Sulawesi Barat,Mamasa,Rantebulahan Timur,Buangin,91371
Sulawesi Barat,Mamasa,Bambang,Bambang Timur,91371
Sulawesi Barat,Mamasa,Tawalian,Tawalian Timur,91365
Sulawesi Barat,Mamasa,Tawalian,Tawalian,91365
Sulawesi Barat,Mamasa,Sesena Padang,Satenetean,91365
Sulawesi Barat,Mamasa,Nosu,Siwi,91363
Sulawesi Barat,Mamasa,Pana,Sapan,91363
Sulawesi Barat,Mamasa,Pana,Panura,91363
Sulawesi Barat,Mamasa,Mamasa,Mamasa,91362
Sulawesi Barat,Mamasa,Mamasa,Mambuliling,91362
Sulawesi Barat,Mamasa,Mamasa,Bombong Lambe,91362
Sulawesi Barat,Mamasa,Sumarorong,Banea,91361
Sulawesi Barat,Polewali Mandar,Tubbi Taramanu (Tutar/Tutallu),Tubbi,91355
Sulawesi Barat,Polewali Mandar,Tubbi Taramanu (Tutar/Tutallu),Taramanu,91355
Sulawesi Barat,Polewali Mandar,Balanipa,Pambusuang,91354
Sulawesi Barat,Polewali Mandar,Tinambung,Lekopadis,91354
Sulawesi Barat,Polewali Mandar,Balanipa,Mosso,91354
Sulawesi Barat,Polewali Mandar,Luyo,Sambali Wali,91353
Sulawesi Barat,Polewali Mandar,Bulo,Sabura,91353
Sulawesi Barat,Polewali Mandar,Mapilli,Rappang Barat,91353
Sulawesi Barat,Polewali Mandar,Campalagian,Lapeo,91353
Sulawesi Barat,Polewali Mandar,Campalagian,Laliko,91353
Sulawesi Barat,Polewali Mandar,Campalagian,Lampoko,91353
Sulawesi Barat,Polewali Mandar,Luyo,Batu Panga,91353
Sulawesi Barat,Polewali Mandar,Luyo,Baru,91353
Sulawesi Barat,Polewali Mandar,Tapango,Tuttula,91352
Sulawesi Barat,Polewali Mandar,Matakali,Patampanua,91352
Sulawesi Barat,Polewali Mandar,Tapango,Pelitakan,91352
Sulawesi Barat,Polewali Mandar,Matakali,Pasiang,91352
Sulawesi Barat,Polewali Mandar,Matakali,Indo Makkombong (Indomakkondang),91352
Sulawesi Barat,Polewali Mandar,Wonomulyo,Geleso,91352
Sulawesi Barat,Polewali Mandar,Tapango,Jambu Malea,91352
Sulawesi Barat,Polewali Mandar,Binuang,Mammi,91311
Sulawesi Barat,Polewali Mandar,Alu (Allu),Pupu Uring (Puppuring),96365
Sulawesi Barat,Polewali Mandar,Alu (Allu),Kalumammang,96365
Sulawesi Barat,Polewali Mandar,Alu (Allu),Mombi,96365
Sulawesi Barat,Polewali Mandar,Alu (Allu),Pao Pao,96365
Sulawesi Barat,Polewali Mandar,Alu (Allu),Alu (Allu),96365
Sulawesi Barat,Mamuju Utara,Bambaira,Tampaure,91574
Sulawesi Barat,Mamuju Utara,Bambalamotu,Wulai,91574
Sulawesi Barat,Mamuju Utara,Sarjo,Sarude,91574
Sulawesi Barat,Mamuju Utara,Sarjo,Sarjo,91574
Sulawesi Barat,Mamuju Utara,Bambalamotu,Pangiang,91574
Sulawesi Barat,Mamuju Utara,Bambalamotu,Polewali,91574
Sulawesi Barat,Mamuju Utara,Bambalamotu,Randomayang,91574
Sulawesi Barat,Mamuju Utara,Sarjo,Letawa,91574
Sulawesi Barat,Mamuju Utara,Sarjo,Maponu,91574
Sulawesi Barat,Mamuju Utara,Bambaira,Kasoloang,91574
Sulawesi Barat,Mamuju Utara,Bambaira,Kalukunangka,91574
Sulawesi Barat,Mamuju Utara,Bambalamotu,Bambalamotu,91574
Sulawesi Barat,Polewali Mandar,Alu (Allu),Pupu Uring (Puppuring),96365
Sulawesi Barat,Polewali Mandar,Alu (Allu),Kalumammang,96365
Sulawesi Barat,Polewali Mandar,Alu (Allu),Mombi,96365
Sulawesi Barat,Polewali Mandar,Alu (Allu),Pao Pao,96365
Sulawesi Barat,Polewali Mandar,Alu (Allu),Alu (Allu),96365
Sulawesi Barat,Mamuju Utara,Bambalamotu,Wulai,91574
Sulawesi Barat,Mamuju Utara,Bambaira,Tampaure,91574
Sulawesi Barat,Mamuju Utara,Sarjo,Sarjo,91574
Sulawesi Barat,Mamuju Utara,Sarjo,Sarude,91574
Sulawesi Barat,Mamuju Utara,Bambalamotu,Pangiang,91574
Sulawesi Barat,Mamuju Utara,Bambalamotu,Polewali,91574
Sulawesi Barat,Mamuju Utara,Bambalamotu,Randomayang,91574
Sulawesi Barat,Mamuju Utara,Sarjo,Letawa,91574
Sulawesi Barat,Mamuju Utara,Sarjo,Maponu,91574
Sulawesi Barat,Mamuju Utara,Bambaira,Kasoloang,91574
Sulawesi Barat,Mamuju Utara,Bambaira,Kalukunangka,91574
Sulawesi Barat,Mamuju Utara,Bambalamotu,Bambalamotu,91574
Sulawesi Barat,Mamuju Utara,Dapurang,Tirta Buana,91573
Sulawesi Barat,Mamuju Utara,Duripoku,Sipakainga,91573
Sulawesi Barat,Mamuju Utara,Duripoku,Tammarunnang,91573
Sulawesi Barat,Mamuju Utara,Dapurang,Serasa,91573
Sulawesi Barat,Mamuju Utara,Sarudu,Sarudu,91573
Sulawesi Barat,Mamuju Utara,Duripoku,Saptanajaya,91573
Sulawesi Barat,Mamuju Utara,Sarudu,Kumasari,91573
Sulawesi Barat,Mamuju Utara,Sarudu,Patika,91573
Sulawesi Barat,Mamuju Utara,Sarudu,Doda,91573
Sulawesi Barat,Mamuju Utara,Sarudu,Bulu Mario,91573
Sulawesi Barat,Mamuju Utara,Dapurang,Dapurang,91573
Sulawesi Barat,Mamuju Utara,Baras,Towoni (Toroni),91572
Sulawesi Barat,Mamuju Utara,Dapurang,Bulu Bonggu,91573
Sulawesi Barat,Mamuju Utara,Bulu Taba,Sumbersari,91572
Sulawesi Barat,Mamuju Utara,Lariang,Singgani,91572
Sulawesi Barat,Mamuju Utara,Lariang,Parabu,91572
Sulawesi Barat,Mamuju Utara,Bulu Taba,Ompi,91572
Sulawesi Barat,Mamuju Utara,Lariang,Kulu,91572
Sulawesi Barat,Mamuju Utara,Lariang,Kenangan,91572
Sulawesi Barat,Mamuju Utara,Baras,Kasano,91572
Sulawesi Barat,Mamuju Utara,Bulu Taba,Kasta Buana,91572
Sulawesi Barat,Mamuju Utara,Bulu Taba,Karave (Karabe),91572
Sulawesi Barat,Mamuju Utara,Baras,Bulu Parigi,91572
Sulawesi Barat,Mamuju Utara,Bulu Taba,Bukit Harapan,91572
Sulawesi Barat,Mamuju Utara,Lariang,Batu Matoru,91572
Sulawesi Barat,Mamuju Utara,Lariang,Bambakoro,91572
Sulawesi Barat,Mamuju Utara,Baras,Baras,91572
Sulawesi Barat,Mamuju Utara,Baras,Balanti,91572
Sulawesi Barat,Mamuju Utara,Tikke Raya,Tikke,91571
Sulawesi Barat,Mamuju Utara,Lariang,Bajawali,91572
Sulawesi Barat,Mamuju Utara,Pedongga,Pedanda II,91571
Sulawesi Barat,Mamuju Utara,Pasangkayu,Pedanda,91571
Sulawesi Barat,Mamuju Utara,Pasangkayu,Pasangkayu,91571
Sulawesi Barat,Mamuju Utara,Tikke Raya,Pajalele (Pakawa),91571
Sulawesi Barat,Mamuju Utara,Pedongga,Malei II,91571
Sulawesi Barat,Mamuju Utara,Tikke Raya,Lariang,91571
Sulawesi Barat,Mamuju Utara,Tikke Raya,Makmur Jaya,91571
Sulawesi Barat,Mamuju Utara,Tikke Raya,Jengeng Raya,91571
Sulawesi Barat,Mamuju Utara,Pasangkayu,Karya Bersama,91571
Sulawesi Barat,Mamuju Utara,Pedongga,Batu Oge,91571
Sulawesi Barat,Mamuju Utara,Pasangkayu,Ako,91571
Sulawesi Barat,Mamuju,Topoyo,Waeputeh,91563
Sulawesi Barat,Mamuju,Topoyo,Topoyo,91563
Sulawesi Barat,Mamuju,Topoyo,Tumbu,91563
Sulawesi Barat,Mamuju,Papalang,Toabo,91563
Sulawesi Barat,Mamuju,Papalang,Topare (Tapore),91563
Sulawesi Barat,Mamuju,Tobadak,Tobadak,91563
Sulawesi Barat,Mamuju,Budong-Budong,Tinali,91563
Sulawesi Barat,Mamuju,Sampaga,Tarailu,91563
Sulawesi Barat,Mamuju,Topoyo,Tapilina (Tappilina),91563
Sulawesi Barat,Mamuju,Topoyo,Tangkau (Tangkou),91563
Sulawesi Barat,Mamuju,Papalang,Sisango,91563
Sulawesi Barat,Mamuju,Topoyo,Sinabatta,91563
Sulawesi Barat,Mamuju,Tobadak,Sejati,91563
Sulawesi Barat,Mamuju,Pangale,Sartanama,91563
Sulawesi Barat,Mamuju,Sampaga,Sampaga,91563
Sulawesi Barat,Mamuju,Topoyo,Salupangkang (Salopangkang),91563
Sulawesi Barat,Mamuju,Topoyo,Salupangkang IV (Salupangkang IV),91563
Sulawesi Barat,Mamuju,Budong-Budong,Salumanurung,91563
Sulawesi Barat,Mamuju,Papalang,Salukayu (Salokayu),91563
Sulawesi Barat,Mamuju,Topoyo,Salulekbo,91563
Sulawesi Barat,Mamuju,Sampaga,Salubarana,91563
Sulawesi Barat,Mamuju,Budong-Budong,Salugatta (Salogatta),91563
Sulawesi Barat,Mamuju,Tobadak,Salubaja (Salo Baja),91563
Sulawesi Barat,Mamuju,Tobadak,Saluadak (Salo Adak),91563
Sulawesi Barat,Mamuju,Pangale,Polopangale,91563
Sulawesi Barat,Mamuju,Budong-Budong,Pontanakayang,91563
Sulawesi Barat,Mamuju,Pangale,Pololereng,91563
Sulawesi Barat,Mamuju,Papalang,Papalang,91563
Sulawesi Barat,Mamuju,Topoyo,Pangalloang,91563
Sulawesi Barat,Mamuju,Pangale,Pangale,91563
Sulawesi Barat,Mamuju,Tobadak,Mahahe,91563
Sulawesi Barat,Mamuju,Tobadak,Palongaan,91563
Sulawesi Barat,Mamuju,Budong-Budong,Lumu,91563
Sulawesi Barat,Mamuju,Pangale,Lemo-Lemo,91563
Sulawesi Barat,Mamuju,Sampaga,Losso,91563
Sulawesi Barat,Mamuju,Budong-Budong,Lembah Hada,91563
Sulawesi Barat,Mamuju,Pangale,Lamba-Lamba,91563
Sulawesi Barat,Mamuju,Pangale,Kombiling,91563
Sulawesi Barat,Mamuju,Pangale,Kuo,91563
Sulawesi Barat,Mamuju,Sampaga,Kalonding,91563
Sulawesi Barat,Mamuju,Budong-Budong,Kire,91563
Sulawesi Barat,Mamuju,Topoyo,Kabubu,91563
Sulawesi Barat,Mamuju,Sampaga,Bunde,91563
Sulawesi Barat,Mamuju,Topoyo,Budong-Budong,91563
Sulawesi Barat,Mamuju,Tobadak,Batu Parigi,91563
Sulawesi Barat,Mamuju,Papalang,Batu Ampa,91563
Sulawesi Barat,Mamuju,Topoyo,Bambamanurung,91563
Sulawesi Barat,Mamuju,Budong-Budong,Barakkang,91563
Sulawesi Barat,Mamuju,Tobadak,Bambadaru,91563
Sulawesi Barat,Mamuju,Budong-Budong,Babana,91563
Sulawesi Barat,Mamuju,Tommo,Tommo,91562
Sulawesi Barat,Mamuju,Kalumpang,Tumonga,91562
Sulawesi Barat,Mamuju,Bonehau,Tamalea (Talondo I),91562
Sulawesi Barat,Mamuju,Tommo,Tamejarra (Tammejarra),91562
Sulawesi Barat,Mamuju,Tommo,Tamemongga,91562
Sulawesi Barat,Mamuju,Tommo,Sandana,91562
Sulawesi Barat,Mamuju,Kalumpang,Sandapang,91562
Sulawesi Barat,Mamuju,Kalumpang,Siraun,91562
Sulawesi Barat,Mamuju,Bonehau,Salutiwo,91562
Sulawesi Barat,Mamuju,Kalumpang,Salumakki,91562
Sulawesi Barat,Mamuju,Tommo,Rante Mario,91562
Sulawesi Barat,Mamuju,Tommo,Malino,91562
Sulawesi Barat,Mamuju,Kalumpang,Makkaliki,91562
Sulawesi Barat,Mamuju,Bonehau,Lumika,91562
Sulawesi Barat,Mamuju,Bonehau,Lumika I,91562
Sulawesi Barat,Mamuju,Tommo,Leling Utara,91562
Sulawesi Barat,Mamuju,Kalumpang,Limbong,91562
Sulawesi Barat,Mamuju,Tommo,Leling,91562
Sulawesi Barat,Mamuju,Tommo,Leling Barat,91562
Sulawesi Barat,Mamuju,Kalumpang,Lasa,91562
Sulawesi Barat,Mamuju,Kalumpang,Kondo Bulo,91562
Sulawesi Barat,Mamuju,Bonehau,Kinatang,91562
Sulawesi Barat,Mamuju,Kalumpang,Karama,91562
Sulawesi Barat,Mamuju,Kalumpang,Karataun,91562
Sulawesi Barat,Mamuju,Tommo,Kalepu,91562
Sulawesi Barat,Mamuju,Kalumpang,Kalumpang,91562
Sulawesi Barat,Mamuju,Tommo,Campaloga,91562
Sulawesi Barat,Mamuju,Tommo,Kakulasang (Kakullasan),91562
Sulawesi Barat,Mamuju,Bonehau,Bonehau,91562
Sulawesi Barat,Mamuju,Kalumpang,Batu Makkada,91562
Sulawesi Barat,Mamuju,Bonehau,Banuada,91562
Sulawesi Barat,Mamuju,Kalukku,Uhaimate,91561
Sulawesi Barat,Mamuju,Kalukku,Sondoang,91561
Sulawesi Barat,Mamuju,Kalukku,Pokkang,91561
Sulawesi Barat,Mamuju,Kalukku,Sinyonyoi,91561
Sulawesi Barat,Mamuju,Kalukku,Keang,91561
Sulawesi Barat,Mamuju,Kalukku,Pammulukang,91561
Sulawesi Barat,Mamuju,Kalukku,Kalukku,91561
Sulawesi Barat,Mamuju,Kalukku,Kalukku Barat,91561
Sulawesi Barat,Mamuju,Kalukku,Guliling,91561
Sulawesi Barat,Mamuju,Kalukku,Kabuloang,91561
Sulawesi Barat,Mamuju,Kalukku,Belang-Belang,91561
Sulawesi Barat,Mamuju,Kalukku,Beru-Beru,91561
Sulawesi Barat,Mamuju,Kalukku,Bebanga,91561
Sulawesi Barat,Mamuju,Mamuju,Karema,91515
Sulawesi Barat,Mamuju,Simboro dan Kepulauan,Sumare,91513
Sulawesi Barat,Mamuju,Karossa,Sukamaju,91512
Sulawesi Barat,Mamuju,Karossa,Tasokko,91512
Sulawesi Barat,Mamuju,Simboro dan Kepulauan,Simboro,91512
Sulawesi Barat,Mamuju,Simboro dan Kepulauan,Rangas,91512
Sulawesi Barat,Mamuju,Simboro dan Kepulauan,Salletto,91512
Sulawesi Barat,Mamuju,Karossa,Lembah Hopo,91512
Sulawesi Barat,Mamuju,Karossa,Mora Benggaulu,91512
Sulawesi Barat,Mamuju,Karossa,Mora IV,91512
Sulawesi Barat,Mamuju,Karossa,Lara,91512
Sulawesi Barat,Mamuju,Karossa,Lara III,91512
Sulawesi Barat,Mamuju,Simboro dan Kepulauan,KUPTD Botteng I,91512
Sulawesi Barat,Mamuju,Simboro dan Kepulauan,KUPTD Botteng II,91512
Sulawesi Barat,Mamuju,Karossa,Kambunong,91512
Sulawesi Barat,Mamuju,Karossa,Karossa,91512
Sulawesi Barat,Mamuju,Karossa,Kayucalla,91512
Sulawesi Barat,Mamuju,Karossa,Kadaila,91512
Sulawesi Barat,Mamuju,Kep. Bala Balakang,Bala Balakang,91512
Sulawesi Barat,Mamuju,Kep. Bala Balakang,Bala Balakang Timur,91512
Sulawesi Barat,Mamuju,Mamuju,Mamunyu,91511
Sulawesi Barat,Mamuju,Mamuju,Tadui,91511
Sulawesi Barat,Mamuju,Mamuju,Binanga,91511
Sulawesi Barat,Mamuju,Mamuju,Batu Pannu,91511
Sulawesi Barat,Majene,Ulumunda,Ulumanda,91453
Sulawesi Barat,Majene,Ulumunda,Sambabo,91453
Sulawesi Barat,Majene,Ulumunda,Sulai,91453
Sulawesi Barat,Majene,Ulumunda,Tandeallo,91453
Sulawesi Barat,Majene,Malunda,Salutahongan,91453
Sulawesi Barat,Majene,Ulumunda,Popenga,91453
Sulawesi Barat,Majene,Ulumunda,Salutambung,91453
Sulawesi Barat,Majene,Malunda,Mekkatta Selatan,91453
Sulawesi Barat,Majene,Ulumunda,Panggalo,91453
Sulawesi Barat,Majene,Malunda,Maliaya,91453
Sulawesi Barat,Majene,Malunda,Malunda,91453
Sulawesi Barat,Majene,Malunda,Lamungang Batu,91453
Sulawesi Barat,Majene,Malunda,Lombang,91453
Sulawesi Barat,Majene,Malunda,Lombang Timur,91453
Sulawesi Barat,Majene,Ulumunda,Kabiraan,91453
Sulawesi Barat,Majene,Malunda,Kayuangin,91453
Sulawesi Barat,Majene,Malunda,Bambangan,91453
Sulawesi Barat,Majene,Tammeredo Sendana,Ulidang,91452
Sulawesi Barat,Majene,Tubo (Tubo Sendana),Tubo Tengah,91452
Sulawesi Barat,Majene,Tubo (Tubo Sendana),Tubo Poang,91452
Sulawesi Barat,Majene,Tubo (Tubo Sendana),Tubo Selatan,91452
Sulawesi Barat,Majene,Tammeredo Sendana,Tammerodo Utara,91452
Sulawesi Barat,Majene,Tubo (Tubo Sendana),Tubo,91452
Sulawesi Barat,Majene,Tammeredo Sendana,Tammerodo,91452
Sulawesi Barat,Majene,Sendana,Tallum Banua,91452
Sulawesi Barat,Majene,Tammeredo Sendana,Tallambalao,91452
Sulawesi Barat,Majene,Sendana,Tallubanua Utara,91452
Sulawesi Barat,Majene,Sendana,Sendana,91452
Sulawesi Barat,Majene,Sendana,Puttada,91452
Sulawesi Barat,Majene,Sendana,Paminggalan,91452
Sulawesi Barat,Majene,Tubo (Tubo Sendana),Onang Utara,91452
Sulawesi Barat,Majene,Sendana,Mosso Dua,91452
Sulawesi Barat,Majene,Tubo (Tubo Sendana),Onang Selatan,91452
Sulawesi Barat,Majene,Sendana,Mosso,91452
Sulawesi Barat,Majene,Tammeredo Sendana,Manyamba,91452
Sulawesi Barat,Majene,Sendana,Limboro Rambu-Rambu,91452
Sulawesi Barat,Majene,Sendana,Limbua,91452
Sulawesi Barat,Majene,Sendana,Lalatedzong,91452
Sulawesi Barat,Majene,Sendana,Leppangang,91452
Sulawesi Barat,Majene,Tubo (Tubo Sendana),Bonde Bonde,91452
Sulawesi Barat,Majene,Sendana,Bukit Samang,91452
Sulawesi Barat,Majene,Sendana,Binanga,91452
Sulawesi Barat,Majene,Sendana,Banua Sendana,91452
Sulawesi Barat,Majene,Pamboang,Tinambung,91451
Sulawesi Barat,Majene,Tammeredo Sendana,Awo,91452
Sulawesi Barat,Majene,Pamboang,Pesuloang,91451
Sulawesi Barat,Majene,Pamboang,Bonde Utara,91451
Sulawesi Barat,Majene,Pamboang,Buttu Pamboang,91451
Sulawesi Barat,Majene,Pamboang,Bonde,91451
Sulawesi Barat,Majene,Pamboang,Betteng,91451
Sulawesi Barat,Majene,Pamboang,Bababulo Utara,91451
Sulawesi Barat,Majene,Pamboang,Balombong,91451
Sulawesi Barat,Majene,Pamboang,Banua Adolang,91451
Sulawesi Barat,Majene,Pamboang,Bababulo,91451
Sulawesi Barat,Majene,Pamboang,Adolang,91451
Sulawesi Barat,Majene,Pamboang,Adolang Dhua,91451
Sulawesi Barat,Majene,Banggae,Rangas,91415
Sulawesi Barat,Majene,Banggae,Totoli,91415
Sulawesi Barat,Majene,Banggae,Palipi Soreang,91415
Sulawesi Barat,Majene,Banggae,Pamboborang,91415
Sulawesi Barat,Majene,Banggae,Baru,91415
Sulawesi Barat,Majene,Banggae Timur,Baruga,91414
Sulawesi Barat,Polewali Mandar,Limboro,Tandasura (Tandassura),91413
Sulawesi Barat,Majene,Banggae Timur,Tande,91413
Sulawesi Barat,Polewali Mandar,Limboro,Renggeang,91413
Sulawesi Barat,Polewali Mandar,Limboro,Salarri,91413
Sulawesi Barat,Polewali Mandar,Limboro,Samasundu,91413
Sulawesi Barat,Polewali Mandar,Limboro,Palece,91413
Sulawesi Barat,Polewali Mandar,Limboro,Pendulangan (Pandulangan),91413
Sulawesi Barat,Polewali Mandar,Limboro,Limboro,91413
Sulawesi Barat,Polewali Mandar,Limboro,Napo,91413
Sulawesi Barat,Polewali Mandar,Limboro,Lembang Lembang,91413
Sulawesi Barat,Majene,Banggae Timur,Lembang,91413
Sulawesi Barat,Majene,Banggae Timur,Buttu Baruga,91413
Sulawesi Barat,Majene,Banggae Timur,Labuang Utara,91413
Sulawesi Barat,Polewali Mandar,Tinambung,Tangnga-Tangnga,91412
Sulawesi Barat,Majene,Banggae Timur,Labuang,91412
Sulawesi Barat,Majene,Banggae,Galung,91411
Sulawesi Barat,Majene,Banggae,Pangali-Ali,91411
Sulawesi Barat,Mamasa,Aralle (Arrale),Uhaidaho,91373
Sulawesi Barat,Mamasa,Aralle (Arrale),Uhailanu,91373
Sulawesi Barat,Mamasa,Buntumalangka,Salutambun,91373
Sulawesi Barat,Mamasa,Buntumalangka,Taora,91373
Sulawesi Barat,Mamasa,Aralle (Arrale),Ralleanak Utara,91373
Sulawesi Barat,Mamasa,Buntumalangka,Ranteberan (Rante Berang),91373
Sulawesi Barat,Mamasa,Buntumalangka,Salurindu,91373
Sulawesi Barat,Mamasa,Aralle (Arrale),Panetean,91373
Sulawesi Barat,Mamasa,Aralle (Arrale),Ralle Anak,91373
Sulawesi Barat,Mamasa,Aralle (Arrale),Pamoseang Pangga,91373
Sulawesi Barat,Mamasa,Buntumalangka,Kabae,91373
Sulawesi Barat,Mamasa,Buntumalangka,Kebanga,91373
Sulawesi Barat,Mamasa,Aralle (Arrale),Baruru,91373
Sulawesi Barat,Mamasa,Buntumalangka,Buntu Malangka,91373
Sulawesi Barat,Mamasa,Aralle (Arrale),Aralle Utara,91373
Sulawesi Barat,Mamasa,Buntumalangka,Aralle Timur,91373
Sulawesi Barat,Mamasa,Aralle (Arrale),Aralle,91373
Sulawesi Barat,Mamasa,Tabulahan,Periangan,91372
Sulawesi Barat,Mamasa,Tabulahan,Salubakka,91372
Sulawesi Barat,Mamasa,Tabulahan,Malatiro,91372
Sulawesi Barat,Mamasa,Tabulahan,Pangandaran,91372
Sulawesi Barat,Mamasa,Tabulahan,Gandang Dewata,91372
Sulawesi Barat,Mamasa,Tabulahan,Lakahang,91372
Sulawesi Barat,Mamasa,Tabulahan,Burana,91372
Sulawesi Barat,Mamasa,Bambang,Ulumambi Barat,91371
Sulawesi Barat,Mamasa,Bambang,Ulumambi,91371
Sulawesi Barat,Mamasa,Mambi,Tapalina,91371
Sulawesi Barat,Mamasa,Bambang,Tanete Tomba,91371
Sulawesi Barat,Mamasa,Mambi,Sondonglayu,91371
Sulawesi Barat,Mamasa,Mambi,Talipukki,91371
Sulawesi Barat,Mamasa,Bambang,Sikamase,91371
Sulawesi Barat,Mamasa,Mambi,Sendana,91371
Sulawesi Barat,Mamasa,Bambang,Salundengen,91371
Sulawesi Barat,Mamasa,Mambi,Selumaka,91371
Sulawesi Barat,Mamasa,Mehalaan,Salukonta,91371
Sulawesi Barat,Mamasa,Bambang,Salukepopok,91371
Sulawesi Barat,Mamasa,Bambang,Salubulo,91371
Sulawesi Barat,Mamasa,Bambang,Salukadi,91371
Sulawesi Barat,Mamasa,Mambi,Salubanua,91371
Sulawesi Barat,Mamasa,Bambang,Saluassing,91371
Sulawesi Barat,Mamasa,Mambi,Rante Bulahan,91371
Sulawesi Barat,Mamasa,Bambang,Rantelemo,91371
Sulawesi Barat,Mamasa,Mambi,Pamoseang,91371
Sulawesi Barat,Mamasa,Bambang,Minanga,91371
Sulawesi Barat,Mamasa,Mehalaan,Mehalaan,91371
Sulawesi Barat,Mamasa,Mehalaan,Mesakada,91371
Sulawesi Barat,Mamasa,Bambang,Masoso,91371
Sulawesi Barat,Mamasa,Bambang,Lembang Mokallang,91371
Sulawesi Barat,Mamasa,Bambang,Limbadebata,91371
Sulawesi Barat,Mamasa,Mambi,Mambi,91371
Sulawesi Barat,Mamasa,Rantebulahan Timur,Leko,91371
Sulawesi Barat,Mamasa,Mehalaan,Botteng,91371
Sulawesi Barat,Mamasa,Rantebulahan Timur,Bambang Buda,91371
Sulawesi Barat,Mamasa,Tanduk Kalua,Tamalantik,91366
Sulawesi Barat,Mamasa,Bambang,Bambang,91371
Sulawesi Barat,Mamasa,Tanduk Kalua,Sindagamanik,91366
Sulawesi Barat,Mamasa,Balla,Pidara,91366
Sulawesi Barat,Mamasa,Balla,Sipakuan,91366
Sulawesi Barat,Mamasa,Tanduk Kalua,Parondobulawan,91366
Sulawesi Barat,Mamasa,Tanduk Kalua,Minake,91366
Sulawesi Barat,Mamasa,Tanduk Kalua,Malabo,91366
Sulawesi Barat,Mamasa,Tanduk Kalua,Mannababa,91366
Sulawesi Barat,Mamasa,Tanduk Kalua,Mesakada,91366
Sulawesi Barat,Mamasa,Tanduk Kalua,Ballabatu,91366
Sulawesi Barat,Mamasa,Balla,Balla Tumuka,91366
Sulawesi Barat,Mamasa,Balla,Balla Barat,91366
Sulawesi Barat,Mamasa,Balla,Balla Satanetean,91366
Sulawesi Barat,Mamasa,Balla,Balla,91366
Sulawesi Barat,Mamasa,Tawalian,Rante Tangnga,91365
Sulawesi Barat,Mamasa,Sesena Padang,Rante Puang,91365
Sulawesi Barat,Mamasa,Sesena Padang,Orobua Selatan,91365
Sulawesi Barat,Mamasa,Sesena Padang,Orobua Timur,91365
Sulawesi Barat,Mamasa,Sesena Padang,Paladan,91365
Sulawesi Barat,Mamasa,Sesena Padang,Malangkena Padang,91365
Sulawesi Barat,Mamasa,Sesena Padang,Orobua,91365
Sulawesi Barat,Mamasa,Sesena Padang,Lisuan Ada,91365
Sulawesi Barat,Mamasa,Tawalian,Kariango,91365
Sulawesi Barat,Mamasa,Tabang,Tabang,91364
Sulawesi Barat,Mamasa,Tabang,Tabang Barat,91364
Sulawesi Barat,Mamasa,Tabang,Tadokalua,91364
Sulawesi Barat,Mamasa,Tabang,Masupu,91364
Sulawesi Barat,Mamasa,Tabang,Bakadisura,91364
Sulawesi Barat,Mamasa,Tabang,Kalama,91364
Sulawesi Barat,Mamasa,Pana,Tallang Bulawan,91363
Sulawesi Barat,Mamasa,Pana,Ulusalu,91363
Sulawesi Barat,Mamasa,Nosu,Minanga Timur,91363
Sulawesi Barat,Mamasa,Nosu,Nosu,91363
Sulawesi Barat,Mamasa,Pana,Pana,91363
Sulawesi Barat,Mamasa,Nosu,Masewwe,91363
Sulawesi Barat,Mamasa,Nosu,Minanga,91363
Sulawesi Barat,Mamasa,Pana,Mamullu,91363
Sulawesi Barat,Mamasa,Pana,Manipi,91363
Sulawesi Barat,Mamasa,Pana,Datubaringan,91363
Sulawesi Barat,Mamasa,Pana,Karaka,91363
Sulawesi Barat,Mamasa,Mamasa,Tondok Bakaru,91362
Sulawesi Barat,Mamasa,Nosu,Batupapan,91363
Sulawesi Barat,Mamasa,Mamasa,Taupe,91362
Sulawesi Barat,Mamasa,Mamasa,Pebassian,91362
Sulawesi Barat,Mamasa,Mamasa,Rambusaratu,91362
Sulawesi Barat,Mamasa,Mamasa,mbana Salulo,91362
Sulawesi Barat,Mamasa,Mamasa,Osango,91362
Sulawesi Barat,Mamasa,Mamasa,Lambanan,91362
Sulawesi Barat,Mamasa,Mamasa,Buntu Buda,91362
Sulawesi Barat,Mamasa,Sumarorong,Tadisi,91361
Sulawesi Barat,Mamasa,Sumarorong,Tabone,91361
Sulawesi Barat,Mamasa,Messawa,Sipai,91361
Sulawesi Barat,Mamasa,Sumarorong,Sumarorong,91361
Sulawesi Barat,Mamasa,Messawa,Sepang,91361
Sulawesi Barat,Mamasa,Sumarorong,Sibanawa,91361
Sulawesi Barat,Mamasa,Messawa,Rippung,91361
Sulawesi Barat,Mamasa,Sumarorong,Salubalo,91361
Sulawesi Barat,Mamasa,Sumarorong,Sasakan,91361
Sulawesi Barat,Mamasa,Messawa,Matande,91361
Sulawesi Barat,Mamasa,Messawa,Messawa,91361
Sulawesi Barat,Mamasa,Messawa,Pasma Mambu,91361
Sulawesi Barat,Mamasa,Messawa,Makuang,91361
Sulawesi Barat,Mamasa,Messawa,Malimbong,91361
Sulawesi Barat,Mamasa,Sumarorong,Batang Uru,91361
Sulawesi Barat,Mamasa,Sumarorong,Batangnguru Timur,91361
Sulawesi Barat,Polewali Mandar,Tubbi Taramanu (Tutar/Tutallu),Taramanu Tua,91355
Sulawesi Barat,Polewali Mandar,Tubbi Taramanu (Tutar/Tutallu),Pollewani,91355
Sulawesi Barat,Polewali Mandar,Tubbi Taramanu (Tutar/Tutallu),Ratte,91355
Sulawesi Barat,Polewali Mandar,Tubbi Taramanu (Tutar/Tutallu),Taloba,91355
Sulawesi Barat,Polewali Mandar,Tubbi Taramanu (Tutar/Tutallu),Piriang Tapiko,91355
Sulawesi Barat,Polewali Mandar,Tubbi Taramanu (Tutar/Tutallu),Poda,91355
Sulawesi Barat,Polewali Mandar,Tubbi Taramanu (Tutar/Tutallu),Besoangin Utara,91355
Sulawesi Barat,Polewali Mandar,Tubbi Taramanu (Tutar/Tutallu),Peburru,91355
Sulawesi Barat,Polewali Mandar,Tubbi Taramanu (Tutar/Tutallu),Arabua,91355
Sulawesi Barat,Polewali Mandar,Tubbi Taramanu (Tutar/Tutallu),Besoangin,91355
Sulawesi Barat,Polewali Mandar,Tinambung,Tinambung,91354
Sulawesi Barat,Polewali Mandar,Tubbi Taramanu (Tutar/Tutallu),Ambo Padang,91355
Sulawesi Barat,Polewali Mandar,Tinambung,Tandung,91354
Sulawesi Barat,Polewali Mandar,Balanipa,Tammejarra (Tammajarra),91354
Sulawesi Barat,Polewali Mandar,Tinambung,Sepa Batu,91354
Sulawesi Barat,Polewali Mandar,Balanipa,Tammangalle,91354
Sulawesi Barat,Polewali Mandar,Balanipa,Pambusuang,91354
Sulawesi Barat,Polewali Mandar,Balanipa,Pallis,91354
Sulawesi Barat,Polewali Mandar,Balanipa,Lambanan,91354
Sulawesi Barat,Polewali Mandar,Balanipa,Lego,91354
Sulawesi Barat,Polewali Mandar,Tinambung,Karama,91354
Sulawesi Barat,Polewali Mandar,Balanipa,Galung Tulu,91354
Sulawesi Barat,Polewali Mandar,Tinambung,Batulaya,91354
Sulawesi Barat,Polewali Mandar,Tinambung,Galung Lombok,91354
Sulawesi Barat,Polewali Mandar,Balanipa,Balanipa,91354
Sulawesi Barat,Polewali Mandar,Balanipa,Bala,91354
Sulawesi Barat,Polewali Mandar,Luyo,Tenggelang (Tenggelan),91353
Sulawesi Barat,Polewali Mandar,Mapilli,Ugi Baru,91353
Sulawesi Barat,Polewali Mandar,Bulo,Tapambanua (Patambanua),91353
Sulawesi Barat,Polewali Mandar,Campalagian,Sumarang (Sumarrang),91353
Sulawesi Barat,Polewali Mandar,Campalagian,Suruang,91353
Sulawesi Barat,Polewali Mandar,Bulo,Sepporraki,91353
Sulawesi Barat,Polewali Mandar,Mapilli,Segerang,91353
Sulawesi Barat,Polewali Mandar,Mapilli,Sattoko,91353
Sulawesi Barat,Polewali Mandar,Mapilli,Rumpa,91353
Sulawesi Barat,Polewali Mandar,Luyo,Pussui,91353
Sulawesi Barat,Polewali Mandar,Luyo,Pussui Barat,91353
Sulawesi Barat,Polewali Mandar,Luyo,Puccadi,91353
Sulawesi Barat,Polewali Mandar,Bulo,Pulliwa,91353
Sulawesi Barat,Polewali Mandar,Campalagian,Pappang,91353
Sulawesi Barat,Polewali Mandar,Campalagian,Parappe,91353
Sulawesi Barat,Polewali Mandar,Campalagian,Padang Timur,91353
Sulawesi Barat,Polewali Mandar,Campalagian,Panyampa,91353
Sulawesi Barat,Polewali Mandar,Campalagian,Ongko,91353
Sulawesi Barat,Polewali Mandar,Campalagian,Padang,91353
Sulawesi Barat,Polewali Mandar,Luyo,Mapilli Barat,91353
Sulawesi Barat,Polewali Mandar,Mapilli,Mapilli,91353
Sulawesi Barat,Polewali Mandar,Luyo,Mambu,91353
Sulawesi Barat,Polewali Mandar,Luyo,Luyo (Lujo),91353
Sulawesi Barat,Polewali Mandar,Bulo,Lenggo,91353
Sulawesi Barat,Polewali Mandar,Mapilli,Landi Kanusuang,91353
Sulawesi Barat,Polewali Mandar,Campalagian,Lagi-Agi,91353
Sulawesi Barat,Polewali Mandar,Mapilli,Kurma,91353
Sulawesi Barat,Polewali Mandar,Campalagian,Kenje,91353
Sulawesi Barat,Polewali Mandar,Campalagian,Katumbangan,91353
Sulawesi Barat,Polewali Mandar,Campalagian,Katumbangan Lemo,91353
Sulawesi Barat,Polewali Mandar,Bulo,Karombang,91353
Sulawesi Barat,Polewali Mandar,Bulo,Ihing,91353
Sulawesi Barat,Polewali Mandar,Bulo,Daala Timur,91353
Sulawesi Barat,Polewali Mandar,Campalagian,Gattungan,91353
Sulawesi Barat,Polewali Mandar,Bulo,Bulo,91353
Sulawesi Barat,Polewali Mandar,Mapilli,Buku,91353
Sulawesi Barat,Polewali Mandar,Mapilli,Bonra,91353
Sulawesi Barat,Polewali Mandar,Campalagian,Botto,91353
Sulawesi Barat,Polewali Mandar,Mapilli,Bonne-Bonne,91353
Sulawesi Barat,Polewali Mandar,Campalagian,Bonde,91353
Sulawesi Barat,Polewali Mandar,Mapilli,Beroangin,91353
Sulawesi Barat,Polewali Mandar,Luyo,Batupanga Daala,91353
Sulawesi Barat,Polewali Mandar,Wonomulyo,Tumpiling,91352
Sulawesi Barat,Polewali Mandar,Matakali,Tonro Lima,91352
Sulawesi Barat,Polewali Mandar,Matangnga,Tapua,91352
Sulawesi Barat,Polewali Mandar,Tapango,Tapango Barat,91352
Sulawesi Barat,Polewali Mandar,Tapango,Tapango,91352
Sulawesi Barat,Mamuju,Tapalang Barat,Tanete Pao,91352
Sulawesi Barat,Mamuju,Tapalang,Tampalang,91352
Sulawesi Barat,Mamuju,Tapalang,Takandeang,91352
Sulawesi Barat,Mamuju,Tapalang,Taang (Ta’an),91352
Sulawesi Barat,Polewali Mandar,Wonomulyo,Sumberjo,91352
Sulawesi Barat,Polewali Mandar,Wonomulyo,Sugih Waras,91352
Sulawesi Barat,Polewali Mandar,Wonomulyo,Sidodadi,91352
Sulawesi Barat,Polewali Mandar,Wonomulyo,Sidorejo,91352
Sulawesi Barat,Polewali Mandar,Tapango,Rappang,91352
Sulawesi Barat,Polewali Mandar,Tapango,Riso,91352
Sulawesi Barat,Mamuju,Tapalang,Rantedoda,91352
Sulawesi Barat,Polewali Mandar,Matangnga,Rangoan,91352
Sulawesi Barat,Polewali Mandar,Tapango,Palatta,91352
Sulawesi Barat,Mamuju,Tapalang Barat,Pangasaan,91352
Sulawesi Barat,Mamuju,Tapalang Barat,Pasabu (Pasa Bu),91352
Sulawesi Barat,Polewali Mandar,Wonomulyo,Nepo,91352
Sulawesi Barat,Mamuju,Tapalang,Orobatu,91352
Sulawesi Barat,Polewali Mandar,Matangnga,Matangnga,91352
Sulawesi Barat,Polewali Mandar,Matakali,Matakali,91352
Sulawesi Barat,Polewali Mandar,Matangnga,Lilli,91352
Sulawesi Barat,Polewali Mandar,Matangnga,Mambu Tapua,91352
Sulawesi Barat,Mamuju,Tapalang Barat,Labuang Rano,91352
Sulawesi Barat,Mamuju,Tapalang Barat,Lebani,91352
Sulawesi Barat,Polewali Mandar,Tapango,Kurrak,91352
Sulawesi Barat,Mamuju,Tapalang,Kopeang,91352
Sulawesi Barat,Polewali Mandar,Wonomulyo,Kebunsari,91352
Sulawesi Barat,Polewali Mandar,Matangnga,Katimbang,91352
Sulawesi Barat,Polewali Mandar,Tapango,Kalimbua,91352
Sulawesi Barat,Mamuju,Tapalang,Kasambang,91352
Sulawesi Barat,Mamuju,Tapalang Barat,Dungkait,91352
Sulawesi Barat,Mamuju,Tapalang,Galung,91352
Sulawesi Barat,Polewali Mandar,Tapango,Dakka,91352
Sulawesi Barat,Polewali Mandar,Wonomulyo,Campurjo,91352
Sulawesi Barat,Polewali Mandar,Tapango,Bussu,91352
Sulawesi Barat,Polewali Mandar,Wonomulyo,Bumiayu,91352
Sulawesi Barat,Polewali Mandar,Matakali,Bunga-Bunga,91352
Sulawesi Barat,Polewali Mandar,Wonomulyo,Bumi Mulyo,91352
Sulawesi Barat,Mamuju,Tapalang,Bela,91352
Sulawesi Barat,Polewali Mandar,Tapango,Batu,91352
Sulawesi Barat,Polewali Mandar,Wonomulyo,Banua Baru,91352
Sulawesi Barat,Polewali Mandar,Matakali,Barumbung,91352
Sulawesi Barat,Polewali Mandar,Wonomulyo,Bakka-Bakka,91352
Sulawesi Barat,Polewali Mandar,Tapango,Banato Rejo,91352
Sulawesi Barat,Polewali Mandar,Wonomulyo,Arjosari,91352
Sulawesi Barat,Polewali Mandar,Matangnga,Ba’ba Tapua,91352
Sulawesi Barat,Mamuju,Tapalang Barat,Ahu,91352
